sleeper_id,name,team,pos,opp,proj,pass_att,pass_comp,pass_yd,pass_td,pass_int,rush_att,rush_yd,rush_td,rec,rec_yd,rec_td,fum_lost,two_pt,xpm,xpa,fgm_0_19,fgm_20_29,fgm_30_39,fgm_40_49,fgm_50p,sacks,defs_int,defs_fum_rec,defs_td,safety,blk_kick,ret_td,pts_allowed
4046,Patrick Mahomes,KC,QB,@BUF,20.29,35.4,23.46,271.94,1.91,0.87,5.09,30.97,0.1,0.0,0.0,0.0,0.2,0.0,0.0,0.0,0.0,0.0,0.0,0.0,0.0,0.0,0.0,0.0,0.0,0.0,0.0,0.0,0.0
4881,Lamar Jackson,BAL,QB,@MIA,20.5,31.2,20.35,225.44,1.87,0.68,5.73,38.03,0.2,0.0,0.0,0.0,0.2,0.0,0.0,0.0,0.0,0.0,0.0,0.0,0.0,0.0,0.0,0.0,0.0,0.0,0.0,0.0,0.0
4984,Josh Allen,BUF,QB,KC,19.54,32.37,21.73,244.76,1.55,0.94,7.75,35.73,0.5,0.0,0.0,0.0,0.2,0.0,0.0,0.0,0.0,0.0,0.0,0.0,0.0,0.0,0.0,0.0,0.0,0.0,0.0,0.0,0.0
6797,Justin Herbert,LAC,QB,@TEN,19.23,34.71,21.43,233.09,1.62,0.58,5.44,31.21,0.19,0.0,0.0,0.0,0.2,0.0,0.0,0.0,0.0,0.0,0.0,0.0,0.0,0.0,0.0,0.0,0.0,0.0,0.0,0.0,0.0
3294,Dak Prescott,DAL,QB,ARI,18.61,36.54,23.89,265.94,2.2,0.84,2.72,9.78,0.1,0.0,0.0,0.0,0.2,0.0,0.0,0.0,0.0,0.0,0.0,0.0,0.0,0.0,0.0,0.0,0.0,0.0,0.0,0.0,0.0
5849,Kyler Murray,ARI,QB,@DAL,18.04,35.93,24.41,246.42,1.26,0.91,5.18,37.52,0.39,0.0,0.0,0.0,0.21,0.0,0.0,0.0,0.0,0.0,0.0,0.0,0.0,0.0,0.0,0.0,0.0,0.0,0.0,0.0,0.0
11564,Drake Maye,NE,QB,ATL,18.84,32.98,21.0,233.11,1.74,0.76,4.55,29.49,0.29,0.0,0.0,0.0,0.19,0.0,0.0,0.0,0.0,0.0,0.0,0.0,0.0,0.0,0.0,0.0,0.0,0.0,0.0,0.0,0.0
5870,Daniel Jones,IND,QB,@PIT,18.52,32.74,21.56,242.46,1.78,0.57,3.53,12.91,0.19,0.0,0.0,0.0,0.2,0.0,0.0,0.0,0.0,0.0,0.0,0.0,0.0,0.0,0.0,0.0,0.0,0.0,0.0,0.0,0.0
11566,Jayden Daniels,WAS,QB,SEA,18.92,30.99,19.67,217.24,1.64,0.48,7.71,41.24,0.1,0.0,0.0,0.0,0.29,0.0,0.0,0.0,0.0,0.0,0.0,0.0,0.0,0.0,0.0,0.0,0.0,0.0,0.0,0.0,0.0
12508,Jaxson Dart,NYG,QB,SF,18.04,30.99,21.22,196.69,1.46,0.79,8.07,35.24,0.41,0.0,0.0,0.0,0.3,0.0,0.0,0.0,0.0,0.0,0.0,0.0,0.0,0.0,0.0,0.0,0.0,0.0,0.0,0.0,0.0
6804,Jordan Love,GB,QB,CAR,18.39,32.97,22.39,238.4,1.93,0.58,4.26,16.35,0.1,0.0,0.0,0.0,0.2,0.0,0.0,0.0,0.0,0.0,0.0,0.0,0.0,0.0,0.0,0.0,0.0,0.0,0.0,0.0,0.0
3163,Jared Goff,DET,QB,MIN,17.19,33.3,22.67,280.73,1.92,0.42,0.89,2.63,0.0,0.0,0.0,0.0,0.2,0.0,0.0,0.0,0.0,0.0,0.0,0.0,0.0,0.0,0.0,0.0,0.0,0.0,0.0,0.0,0.0
11560,Caleb Williams,CHI,QB,@CIN,17.78,33.2,21.83,241.18,1.62,0.78,2.73,15.5,0.29,0.0,0.0,0.0,0.2,0.0,0.0,0.0,0.0,0.0,0.0,0.0,0.0,0.0,0.0,0.0,0.0,0.0,0.0,0.0,0.0
421,Matthew Stafford,LAR,QB,NO,18.44,35.04,21.64,247.44,2.24,0.58,0.72,2.08,0.0,0.0,0.0,0.0,0.2,0.0,0.0,0.0,0.0,0.0,0.0,0.0,0.0,0.0,0.0,0.0,0.0,0.0,0.0,0.0,0.0
19,Joe Flacco,CIN,QB,CHI,16.86,36.37,23.66,276.48,1.92,0.77,1.44,4.02,0.1,0.0,0.0,0.0,0.19,0.0,0.0,0.0,0.0,0.0,0.0,0.0,0.0,0.0,0.0,0.0,0.0,0.0,0.0,0.0,0.0
7523,Trevor Lawrence,JAX,QB,@LV,17.3,32.8,20.26,223.7,1.75,0.79,3.4,13.76,0.31,0.0,0.0,0.0,0.2,0.0,0.0,0.0,0.0,0.0,0.0,0.0,0.0,0.0,0.0,0.0,0.0,0.0,0.0,0.0,0.0
4943,Sam Darnold,SEA,QB,@WAS,16.51,29.01,18.85,232.05,1.91,0.59,1.77,6.49,0.1,0.0,0.0,0.0,0.19,0.0,0.0,0.0,0.0,0.0,0.0,0.0,0.0,0.0,0.0,0.0,0.0,0.0,0.0,0.0,0.0
96,Aaron Rodgers,PIT,QB,IND,16.24,33.63,20.7,248.29,2.0,0.71,0.59,2.23,0.0,0.0,0.0,0.0,0.19,0.0,0.0,0.0,0.0,0.0,0.0,0.0,0.0,0.0,0.0,0.0,0.0,0.0,0.0,0.0,0.0
7527,Mac Jones,SF,QB,@NYG,15.93,35.26,25.22,257.02,1.9,0.86,1.46,5.11,0.0,0.0,0.0,0.0,0.19,0.0,0.0,0.0,0.0,0.0,0.0,0.0,0.0,0.0,0.0,0.0,0.0,0.0,0.0,0.0,0.0
9758,C.J. Stroud,HOU,QB,DEN,15.54,30.57,20.08,212.92,1.4,0.78,4.18,25.59,0.1,0.0,0.0,0.0,0.21,0.0,0.0,0.0,0.0,0.0,0.0,0.0,0.0,0.0,0.0,0.0,0.0,0.0,0.0,0.0,0.0
11563,Bo Nix,DEN,QB,@HOU,15.28,30.05,18.22,204.76,1.11,0.77,5.32,25.1,0.29,0.0,0.0,0.0,0.2,0.0,0.0,0.0,0.0,0.0,0.0,0.0,0.0,0.0,0.0,0.0,0.0,0.0,0.0,0.0,0.0
6768,Tua Tagovailoa,MIA,QB,BAL,14.07,35.23,22.52,245.12,1.66,0.78,1.82,4.87,0.0,0.0,0.0,0.0,0.21,0.0,0.0,0.0,0.0,0.0,0.0,0.0,0.0,0.0,0.0,0.0,0.0,0.0,0.0,0.0,0.0
11565,J.J. McCarthy,MIN,QB,@DET,15.24,31.17,20.52,219.69,1.34,0.9,2.37,14.41,0.1,0.0,0.0,0.0,0.31,0.0,0.0,0.0,0.0,0.0,0.0,0.0,0.0,0.0,0.0,0.0,0.0,0.0,0.0,0.0,0.0
1373,Geno Smith,LV,QB,JAX,14.36,31.96,19.84,222.02,1.44,0.7,2.32,9.65,0.0,0.0,0.0,0.0,0.2,0.0,0.0,0.0,0.0,0.0,0.0,0.0,0.0,0.0,0.0,0.0,0.0,0.0,0.0,0.0,0.0
12522,Cam Ward,TEN,QB,LAC,11.83,31.56,18.64,224.24,1.01,0.91,1.35,6.15,0.1,0.0,0.0,0.0,0.3,0.0,0.0,0.0,0.0,0.0,0.0,0.0,0.0,0.0,0.0,0.0,0.0,0.0,0.0,0.0,0.0
9228,Bryce Young,CAR,QB,@GB,11.42,30.15,18.43,209.05,1.0,1.03,1.74,7.57,0.1,0.0,0.0,0.0,0.31,0.0,0.0,0.0,0.0,0.0,0.0,0.0,0.0,0.0,0.0,0.0,0.0,0.0,0.0,0.0,0.0
1166,Kirk Cousins,ATL,QB,@NE,11.13,32.47,20.04,220.28,1.19,1.04,0.84,2.34,0.0,0.0,0.0,0.0,0.2,0.0,0.0,0.0,0.0,0.0,0.0,0.0,0.0,0.0,0.0,0.0,0.0,0.0,0.0,0.0,0.0
12545,Tyler Shough,NO,QB,@LAR,9.88,32.31,19.47,191.68,0.93,1.03,2.29,10.25,0.1,0.0,0.0,0.0,0.31,0.0,0.0,0.0,0.0,0.0,0.0,0.0,0.0,0.0,0.0,0.0,0.0,0.0,0.0,0.0,0.0
4034,Christian McCaffrey,SF,RB,@NYG,23.59,0.0,0.0,0.0,0.0,0.0,17.5,75.62,0.72,5.86,46.93,0.4,0.1,0.0,0.0,0.0,0.0,0.0,0.0,0.0,0.0,0.0,0.0,0.0,0.0,0.0,0.0,0.0,0.0
9226,De'Von Achane,MIA,RB,BAL,22.37,0.0,0.0,0.0,0.0,0.0,16.52,70.96,0.59,5.0,34.73,0.42,0.1,0.0,0.0,0.0,0.0,0.0,0.0,0.0,0.0,0.0,0.0,0.0,0.0,0.0,0.0,0.0,0.0
6813,Jonathan Taylor,IND,RB,@PIT,20.68,0.0,0.0,0.0,0.0,0.0,21.1,101.61,0.69,3.02,25.66,0.19,0.1,0.0,0.0,0.0,0.0,0.0,0.0,0.0,0.0,0.0,0.0,0.0,0.0,0.0,0.0,0.0,0.0
9509,Bijan Robinson,ATL,RB,@NE,21.02,0.0,0.0,0.0,0.0,0.0,15.17,70.85,0.39,4.59,51.0,0.31,0.1,0.0,0.0,0.0,0.0,0.0,0.0,0.0,0.0,0.0,0.0,0.0,0.0,0.0,0.0,0.0,0.0
9221,Jahmyr Gibbs,DET,RB,MIN,20.07,0.0,0.0,0.0,0.0,0.0,14.79,71.52,0.72,3.86,34.12,0.3,0.1,0.0,0.0,0.0,0.0,0.0,0.0,0.0,0.0,0.0,0.0,0.0,0.0,0.0,0.0,0.0,0.0
8150,Kyren Williams,LAR,RB,NO,18.84,0.0,0.0,0.0,0.0,0.0,16.01,68.58,0.68,3.6,26.41,0.4,0.1,0.0,0.0,0.0,0.0,0.0,0.0,0.0,0.0,0.0,0.0,0.0,0.0,0.0,0.0,0.0,0.0
5850,Josh Jacobs,GB,RB,CAR,18.36,0.0,0.0,0.0,0.0,0.0,14.84,63.63,1.22,2.71,26.76,0.1,0.1,0.0,0.0,0.0,0.0,0.0,0.0,0.0,0.0,0.0,0.0,0.0,0.0,0.0,0.0,0.0,0.0
3198,Derrick Henry,BAL,RB,@MIA,19.01,0.0,0.0,0.0,0.0,0.0,17.81,95.06,1.15,1.13,9.51,0.1,0.1,0.0,0.0,0.0,0.0,0.0,0.0,0.0,0.0,0.0,0.0,0.0,0.0,0.0,0.0,0.0,0.0
7588,Javonte Williams,DAL,RB,ARI,16.36,0.0,0.0,0.0,0.0,0.0,17.16,81.2,0.8,2.85,12.25,0.1,0.1,0.0,0.0,0.0,0.0,0.0,0.0,0.0,0.0,0.0,0.0,0.0,0.0,0.0,0.0,0.0,0.0
6790,D'Andre Swift,CHI,RB,@CIN,15.95,0.0,0.0,0.0,0.0,0.0,13.47,54.94,0.57,2.71,27.87,0.2,0.1,0.0,0.0,0.0,0.0,0.0,0.0,0.0,0.0,0.0,0.0,0.0,0.0,0.0,0.0,0.0,0.0
8138,James Cook,BUF,RB,KC,15.36,0.0,0.0,0.0,0.0,0.0,17.99,86.31,0.58,1.99,13.91,0.1,0.1,0.0,0.0,0.0,0.0,0.0,0.0,0.0,0.0,0.0,0.0,0.0,0.0,0.0,0.0,0.0,0.0
11647,Kimani Vidal,LAC,RB,@TEN,15.99,0.0,0.0,0.0,0.0,0.0,14.52,77.42,0.67,1.81,11.16,0.1,0.1,0.0,0.0,0.0,0.0,0.0,0.0,0.0,0.0,0.0,0.0,0.0,0.0,0.0,0.0,0.0,0.0
9224,Chase Brown,CIN,RB,CHI,15.08,0.0,0.0,0.0,0.0,0.0,14.51,59.46,0.52,3.24,17.65,0.1,0.1,0.0,0.0,0.0,0.0,0.0,0.0,0.0,0.0,0.0,0.0,0.0,0.0,0.0,0.0,0.0,0.0
12527,Ashton Jeanty,LV,RB,JAX,14.51,0.0,0.0,0.0,0.0,0.0,17.37,57.83,0.72,2.37,13.98,0.1,0.1,0.0,0.0,0.0,0.0,0.0,0.0,0.0,0.0,0.0,0.0,0.0,0.0,0.0,0.0,0.0,0.0
8228,Jaylen Warren,PIT,RB,IND,13.29,0.0,0.0,0.0,0.0,0.0,14.66,60.5,0.19,3.05,28.93,0.2,0.1,0.0,0.0,0.0,0.0,0.0,0.0,0.0,0.0,0.0,0.0,0.0,0.0,0.0,0.0,0.0,0.0
7543,Travis Etienne,JAX,RB,@LV,13.25,0.0,0.0,0.0,0.0,0.0,15.78,69.7,0.39,2.44,14.1,0.1,0.1,0.0,0.0,0.0,0.0,0.0,0.0,0.0,0.0,0.0,0.0,0.0,0.0,0.0,0.0,0.0,0.0
11655,Tyrone Tracy,NYG,RB,SF,12.41,0.0,0.0,0.0,0.0,0.0,13.44,54.62,0.4,2.71,17.69,0.1,0.1,0.0,0.0,0.0,0.0,0.0,0.0,0.0,0.0,0.0,0.0,0.0,0.0,0.0,0.0,0.0,0.0
5892,David Montgomery,DET,RB,MIN,12.12,0.0,0.0,0.0,0.0,0.0,12.26,54.87,0.52,1.68,16.49,0.1,0.1,0.0,0.0,0.0,0.0,0.0,0.0,0.0,0.0,0.0,0.0,0.0,0.0,0.0,0.0,0.0,0.0
4035,Alvin Kamara,NO,RB,@LAR,11.08,0.0,0.0,0.0,0.0,0.0,14.97,53.43,0.21,3.04,19.52,0.0,0.1,0.0,0.0,0.0,0.0,0.0,0.0,0.0,0.0,0.0,0.0,0.0,0.0,0.0,0.0,0.0,0.0
8122,Zonovan Knight,ARI,RB,@DAL,10.22,0.0,0.0,0.0,0.0,0.0,13.16,46.62,0.62,1.43,9.86,0.0,0.1,0.0,0.0,0.0,0.0,0.0,0.0,0.0,0.0,0.0,0.0,0.0,0.0,0.0,0.0,0.0,0.0
7021,Rico Dowdle,CAR,RB,@GB,10.03,0.0,0.0,0.0,0.0,0.0,12.52,50.42,0.2,2.24,16.43,0.1,0.1,0.0,0.0,0.0,0.0,0.0,0.0,0.0,0.0,0.0,0.0,0.0,0.0,0.0,0.0,0.0,0.0
6806,J.K. Dobbins,DEN,RB,@HOU,10.03,0.0,0.0,0.0,0.0,0.0,14.66,67.35,0.29,0.91,5.35,0.0,0.1,0.0,0.0,0.0,0.0,0.0,0.0,0.0,0.0,0.0,0.0,0.0,0.0,0.0,0.0,0.0,0.0
4098,Kareem Hunt,KC,RB,@BUF,9.9,0.0,0.0,0.0,0.0,0.0,11.39,44.26,0.5,1.24,9.84,0.1,0.1,0.0,0.0,0.0,0.0,0.0,0.0,0.0,0.0,0.0,0.0,0.0,0.0,0.0,0.0,0.0,0.0
12474,Woody Marks,HOU,RB,DEN,10.62,0.0,0.0,0.0,0.0,0.0,8.77,40.36,0.29,1.9,16.92,0.2,0.1,0.0,0.0,0.0,0.0,0.0,0.0,0.0,0.0,0.0,0.0,0.0,0.0,0.0,0.0,0.0,0.0
8151,Kenneth Walker,SEA,RB,@WAS,9.95,0.0,0.0,0.0,0.0,0.0,13.43,59.88,0.3,1.11,8.82,0.1,0.1,0.0,0.0,0.0,0.0,0.0,0.0,0.0,0.0,0.0,0.0,0.0,0.0,0.0,0.0,0.0,0.0
12533,Jacory Croskey-Merritt,WAS,RB,SEA,9.49,0.0,0.0,0.0,0.0,0.0,16.2,55.03,0.29,1.03,10.78,0.0,0.1,0.0,0.0,0.0,0.0,0.0,0.0,0.0,0.0,0.0,0.0,0.0,0.0,0.0,0.0,0.0,0.0
4199,Aaron Jones,MIN,RB,@DET,9.39,0.0,0.0,0.0,0.0,0.0,7.95,28.53,0.1,2.6,24.24,0.2,0.1,0.0,0.0,0.0,0.0,0.0,0.0,0.0,0.0,0.0,0.0,0.0,0.0,0.0,0.0,0.0,0.0
9508,Tyjae Spears,TEN,RB,LAC,9.21,0.0,0.0,0.0,0.0,0.0,10.87,39.33,0.31,2.46,16.24,0.0,0.1,0.0,0.0,0.0,0.0,0.0,0.0,0.0,0.0,0.0,0.0,0.0,0.0,0.0,0.0,0.0,0.0
5967,Tony Pollard,TEN,RB,LAC,9.35,0.0,0.0,0.0,0.0,0.0,11.07,39.3,0.29,2.17,16.93,0.0,0.1,0.0,0.0,0.0,0.0,0.0,0.0,0.0,0.0,0.0,0.0,0.0,0.0,0.0,0.0,0.0,0.0
12529,TreVeyon Henderson,NE,RB,ATL,8.85,0.0,0.0,0.0,0.0,0.0,11.01,43.99,0.29,2.0,11.8,0.0,0.1,0.0,0.0,0.0,0.0,0.0,0.0,0.0,0.0,0.0,0.0,0.0,0.0,0.0,0.0,0.0,0.0
4988,Nick Chubb,HOU,RB,DEN,9.37,0.0,0.0,0.0,0.0,0.0,11.02,49.28,0.38,1.31,6.19,0.0,0.1,0.0,0.0,0.0,0.0,0.0,0.0,0.0,0.0,0.0,0.0,0.0,0.0,0.0,0.0,0.0,0.0
7611,Rhamondre Stevenson,NE,RB,ATL,8.75,0.0,0.0,0.0,0.0,0.0,7.84,31.56,0.4,1.77,14.71,0.1,0.1,0.0,0.0,0.0,0.0,0.0,0.0,0.0,0.0,0.0,0.0,0.0,0.0,0.0,0.0,0.0,0.0
12534,Kyle Monangai,CHI,RB,@CIN,8.81,0.0,0.0,0.0,0.0,0.0,9.74,39.07,0.39,1.25,10.99,0.1,0.1,0.0,0.0,0.0,0.0,0.0,0.0,0.0,0.0,0.0,0.0,0.0,0.0,0.0,0.0,0.0,0.0
12455,Brashard Smith,KC,RB,@BUF,8.92,0.0,0.0,0.0,0.0,0.0,6.99,26.89,0.1,2.67,20.93,0.1,0.1,0.0,0.0,0.0,0.0,0.0,0.0,0.0,0.0,0.0,0.0,0.0,0.0,0.0,0.0,0.0,0.0
9753,Zach Charbonnet,SEA,RB,@WAS,8.05,0.0,0.0,0.0,0.0,0.0,9.42,39.0,0.4,1.16,11.31,0.1,0.1,0.0,0.0,0.0,0.0,0.0,0.0,0.0,0.0,0.0,0.0,0.0,0.0,0.0,0.0,0.0,0.0
7594,Chuba Hubbard,CAR,RB,@GB,8.64,0.0,0.0,0.0,0.0,0.0,10.83,38.96,0.2,1.78,12.94,0.1,0.1,0.0,0.0,0.0,0.0,0.0,0.0,0.0,0.0,0.0,0.0,0.0,0.0,0.0,0.0,0.0,0.0
8408,Jordan Mason,MIN,RB,@DET,7.62,0.0,0.0,0.0,0.0,0.0,9.84,43.69,0.39,0.48,3.29,0.0,0.1,0.0,0.0,0.0,0.0,0.0,0.0,0.0,0.0,0.0,0.0,0.0,0.0,0.0,0.0,0.0,0.0
12489,RJ Harvey,DEN,RB,@HOU,7.31,0.0,0.0,0.0,0.0,0.0,6.09,21.96,0.2,1.99,13.24,0.2,0.1,0.0,0.0,0.0,0.0,0.0,0.0,0.0,0.0,0.0,0.0,0.0,0.0,0.0,0.0,0.0,0.0
4147,Samaje Perine,CIN,RB,CHI,7.55,0.0,0.0,0.0,0.0,0.0,7.76,38.77,0.29,1.1,5.51,0.0,0.1,0.0,0.0,0.0,0.0,0.0,0.0,0.0,0.0,0.0,0.0,0.0,0.0,0.0,0.0,0.0,0.0
7567,Kenneth Gainwell,PIT,RB,IND,7.14,0.0,0.0,0.0,0.0,0.0,4.54,18.52,0.3,2.2,9.48,0.0,0.0,0.0,0.0,0.0,0.0,0.0,0.0,0.0,0.0,0.0,0.0,0.0,0.0,0.0,0.0,0.0,0.0
4219,Jeremy McNichols,WAS,RB,SEA,6.44,0.0,0.0,0.0,0.0,0.0,1.88,9.66,0.1,2.39,23.06,0.1,0.0,0.0,0.0,0.0,0.0,0.0,0.0,0.0,0.0,0.0,0.0,0.0,0.0,0.0,0.0,0.0,0.0
8132,Tyler Allgeier,ATL,RB,@NE,6.19,0.0,0.0,0.0,0.0,0.0,7.69,31.12,0.38,0.67,3.17,0.0,0.1,0.0,0.0,0.0,0.0,0.0,0.0,0.0,0.0,0.0,0.0,0.0,0.0,0.0,0.0,0.0,0.0
5995,Justice Hill,BAL,RB,@MIA,6.26,0.0,0.0,0.0,0.0,0.0,1.83,9.24,0.1,2.2,14.69,0.21,0.0,0.0,0.0,0.0,0.0,0.0,0.0,0.0,0.0,0.0,0.0,0.0,0.0,0.0,0.0,0.0,0.0
11435,Emanuel Wilson,GB,RB,CAR,5.93,0.0,0.0,0.0,0.0,0.0,6.31,31.49,0.0,1.58,9.13,0.0,0.0,0.0,0.0,0.0,0.0,0.0,0.0,0.0,0.0,0.0,0.0,0.0,0.0,0.0,0.0,0.0,0.0
11586,Blake Corum,LAR,RB,NO,5.49,0.0,0.0,0.0,0.0,0.0,7.11,30.24,0.31,0.59,2.48,0.0,0.0,0.0,0.0,0.0,0.0,0.0,0.0,0.0,0.0,0.0,0.0,0.0,0.0,0.0,0.0,0.0,0.0
6130,Devin Singletary,NYG,RB,SF,5.48,0.0,0.0,0.0,0.0,0.0,3.32,11.9,0.1,1.84,14.3,0.1,0.0,0.0,0.0,0.0,0.0,0.0,0.0,0.0,0.0,0.0,0.0,0.0,0.0,0.0,0.0,0.0,0.0
12490,Bhayshul Tuten,JAX,RB,@LV,5.24,0.0,0.0,0.0,0.0,0.0,4.85,17.2,0.2,0.93,7.99,0.1,0.0,0.0,0.0,0.0,0.0,0.0,0.0,0.0,0.0,0.0,0.0,0.0,0.0,0.0,0.0,0.0,0.0
12495,Ollie Gordon,MIA,RB,BAL,4.87,0.0,0.0,0.0,0.0,0.0,4.51,15.34,0.21,0.77,9.34,0.1,0.0,0.0,0.0,0.0,0.0,0.0,0.0,0.0,0.0,0.0,0.0,0.0,0.0,0.0,0.0,0.0,0.0
7607,Michael Carter,ARI,RB,@DAL,4.61,0.0,0.0,0.0,0.0,0.0,6.85,21.75,0.19,0.83,4.78,0.0,0.0,0.0,0.0,0.0,0.0,0.0,0.0,0.0,0.0,0.0,0.0,0.0,0.0,0.0,0.0,0.0,0.0
8154,Brian Robinson,SF,RB,@NYG,4.27,0.0,0.0,0.0,0.0,0.0,4.98,23.08,0.21,0.59,1.19,0.0,0.0,0.0,0.0,0.0,0.0,0.0,0.0,0.0,0.0,0.0,0.0,0.0,0.0,0.0,0.0,0.0,0.0
12457,Jaydon Blue,DAL,RB,ARI,3.48,0.0,0.0,0.0,0.0,0.0,5.02,19.78,0.1,0.83,5.19,0.0,0.0,0.0,0.0,0.0,0.0,0.0,0.0,0.0,0.0,0.0,0.0,0.0,0.0,0.0,0.0,0.0,0.0
11199,Emari Demercado,ARI,RB,@DAL,3.5,0.0,0.0,0.0,0.0,0.0,1.63,13.31,0.2,0.39,2.37,0.0,0.0,0.0,0.0,0.0,0.0,0.0,0.0,0.0,0.0,0.0,0.0,0.0,0.0,0.0,0.0,0.0,0.0
1379,Kyle Juszczyk,SF,RB,@NYG,3.44,0.0,0.0,0.0,0.0,0.0,0.0,0.0,0.0,1.32,11.37,0.19,0.0,0.0,0.0,0.0,0.0,0.0,0.0,0.0,0.0,0.0,0.0,0.0,0.0,0.0,0.0,0.0,0.0
7537,Jaret Patterson,LAC,RB,@TEN,3.22,0.0,0.0,0.0,0.0,0.0,6.87,23.35,0.2,0.0,0.0,0.0,0.0,0.0,0.0,0.0,0.0,0.0,0.0,0.0,0.0,0.0,0.0,0.0,0.0,0.0,0.0,0.0,0.0
2749,Raheem Mostert,LV,RB,JAX,2.74,0.0,0.0,0.0,0.0,0.0,4.3,13.04,0.1,0.49,3.32,0.0,0.0,0.0,0.0,0.0,0.0,0.0,0.0,0.0,0.0,0.0,0.0,0.0,0.0,0.0,0.0,0.0,0.0
9511,Keaton Mitchell,BAL,RB,@MIA,2.41,0.0,0.0,0.0,0.0,0.0,5.14,17.36,0.0,0.38,2.38,0.0,0.0,0.0,0.0,0.0,0.0,0.0,0.0,0.0,0.0,0.0,0.0,0.0,0.0,0.0,0.0,0.0,0.0
12476,Devin Neal,NO,RB,@LAR,2.27,0.0,0.0,0.0,0.0,0.0,4.44,13.94,0.1,0.2,0.96,0.0,0.0,0.0,0.0,0.0,0.0,0.0,0.0,0.0,0.0,0.0,0.0,0.0,0.0,0.0,0.0,0.0,0.0
8208,Tyler Badie,DEN,RB,@HOU,2.14,0.0,0.0,0.0,0.0,0.0,0.2,1.21,0.0,0.9,10.09,0.0,0.0,0.0,0.0,0.0,0.0,0.0,0.0,0.0,0.0,0.0,0.0,0.0,0.0,0.0,0.0,0.0,0.0
6109,Alec Ingold,MIA,RB,BAL,1.78,0.0,0.0,0.0,0.0,0.0,0.2,0.49,0.0,0.73,5.98,0.1,0.0,0.0,0.0,0.0,0.0,0.0,0.0,0.0,0.0,0.0,0.0,0.0,0.0,0.0,0.0,0.0,0.0
11299,Zavier Scott,MIN,RB,@DET,1.72,0.0,0.0,0.0,0.0,0.0,2.59,8.06,0.0,0.63,2.41,0.0,0.0,0.0,0.0,0.0,0.0,0.0,0.0,0.0,0.0,0.0,0.0,0.0,0.0,0.0,0.0,0.0,0.0
11510,Hunter Luepke,DAL,RB,ARI,1.55,0.0,0.0,0.0,0.0,0.0,0.0,0.0,0.0,0.48,2.68,0.1,0.0,0.0,0.0,0.0,0.0,0.0,0.0,0.0,0.0,0.0,0.0,0.0,0.0,0.0,0.0,0.0,0.0
12544,LeQuint Allen,JAX,RB,@LV,1.35,0.0,0.0,0.0,0.0,0.0,1.13,3.86,0.0,0.57,4.54,0.0,0.0,0.0,0.0,0.0,0.0,0.0,0.0,0.0,0.0,0.0,0.0,0.0,0.0,0.0,0.0,0.0,0.0
6039,Ty Johnson,BUF,RB,KC,1.27,0.0,0.0,0.0,0.0,0.0,1.22,5.53,0.0,0.3,3.35,0.0,0.0,0.0,0.0,0.0,0.0,0.0,0.0,0.0,0.0,0.0,0.0,0.0,0.0,0.0,0.0,0.0,0.0
11575,Ray Davis,BUF,RB,KC,1.18,0.0,0.0,0.0,0.0,0.0,1.04,3.18,0.0,0.39,2.4,0.0,0.0,0.0,0.0,0.0,0.0,0.0,0.0,0.0,0.0,0.0,0.0,0.0,0.0,0.0,0.0,0.0,0.0
12504,Kaleb Johnson,PIT,RB,IND,1.22,0.0,0.0,0.0,0.0,0.0,2.6,9.53,0.1,0.0,0.0,0.0,0.0,0.0,0.0,0.0,0.0,0.0,0.0,0.0,0.0,0.0,0.0,0.0,0.0,0.0,0.0,0.0,0.0
10219,Chris Rodriguez,WAS,RB,SEA,1.15,0.0,0.0,0.0,0.0,0.0,1.15,5.35,0.1,0.0,0.0,0.0,0.0,0.0,0.0,0.0,0.0,0.0,0.0,0.0,0.0,0.0,0.0,0.0,0.0,0.0,0.0,0.0,0.0
12471,DJ Giddens,IND,RB,@PIT,0.9,0.0,0.0,0.0,0.0,0.0,2.55,9.44,0.0,0.0,0.0,0.0,0.0,0.0,0.0,0.0,0.0,0.0,0.0,0.0,0.0,0.0,0.0,0.0,0.0,0.0,0.0,0.0,0.0
12412,Terrell Jennings,NE,RB,ATL,0.79,0.0,0.0,0.0,0.0,0.0,1.65,5.79,0.0,0.0,0.0,0.0,0.0,0.0,0.0,0.0,0.0,0.0,0.0,0.0,0.0,0.0,0.0,0.0,0.0,0.0,0.0,0.0,0.0
12897,Nathan Carter,ATL,RB,@NE,0.58,0.0,0.0,0.0,0.0,0.0,1.67,6.31,0.0,0.0,0.0,0.0,0.0,0.0,0.0,0.0,0.0,0.0,0.0,0.0,0.0,0.0,0.0,0.0,0.0,0.0,0.0,0.0,0.0
4718,Dare Ogunbowale,HOU,RB,DEN,0.6,0.0,0.0,0.0,0.0,0.0,0.3,1.23,0.0,0.3,0.99,0.0,0.0,0.0,0.0,0.0,0.0,0.0,0.0,0.0,0.0,0.0,0.0,0.0,0.0,0.0,0.0,0.0,0.0
8025,Adam Prentice,DEN,RB,@HOU,0.49,0.0,0.0,0.0,0.0,0.0,0.38,1.98,0.0,0.21,1.04,0.0,0.0,0.0,0.0,0.0,0.0,0.0,0.0,0.0,0.0,0.0,0.0,0.0,0.0,0.0,0.0,0.0,0.0
11570,Rasheen Ali,BAL,RB,@MIA,0.19,0.0,0.0,0.0,0.0,0.0,0.81,2.59,0.0,0.0,0.0,0.0,0.0,0.0,0.0,0.0,0.0,0.0,0.0,0.0,0.0,0.0,0.0,0.0,0.0,0.0,0.0,0.0,0.0
7564,Ja'Marr Chase,CIN,WR,CHI,23.73,0.0,0.0,0.0,0.0,0.0,0.1,1.05,0.0,9.82,117.04,0.61,0.1,0.0,0.0,0.0,0.0,0.0,0.0,0.0,0.0,0.0,0.0,0.0,0.0,0.0,0.0,0.0,0.0
7547,Amon-Ra St. Brown,DET,WR,MIN,19.43,0.0,0.0,0.0,0.0,0.0,0.52,1.98,0.0,7.33,92.11,0.58,0.0,0.0,0.0,0.0,0.0,0.0,0.0,0.0,0.0,0.0,0.0,0.0,0.0,0.0,0.0,0.0,0.0
9493,Puka Nacua,LAR,WR,NO,19.86,0.0,0.0,0.0,0.0,0.0,0.63,4.5,0.1,7.78,96.17,0.42,0.0,0.0,0.0,0.0,0.0,0.0,0.0,0.0,0.0,0.0,0.0,0.0,0.0,0.0,0.0,0.0,0.0
9488,Jaxon Smith-Njigba,SEA,WR,@WAS,19.17,0.0,0.0,0.0,0.0,0.0,0.3,1.47,0.0,6.61,101.21,0.48,0.0,0.0,0.0,0.0,0.0,0.0,0.0,0.0,0.0,0.0,0.0,0.0,0.0,0.0,0.0,0.0,0.0
10229,Rashee Rice,KC,WR,@BUF,17.22,0.0,0.0,0.0,0.0,0.0,1.07,5.14,0.1,6.09,72.22,0.62,0.0,0.0,0.0,0.0,0.0,0.0,0.0,0.0,0.0,0.0,0.0,0.0,0.0,0.0,0.0,0.0,0.0
6786,CeeDee Lamb,DAL,WR,ARI,18.0,0.0,0.0,0.0,0.0,0.0,0.19,1.05,0.0,6.65,85.08,0.51,0.0,0.0,0.0,0.0,0.0,0.0,0.0,0.0,0.0,0.0,0.0,0.0,0.0,0.0,0.0,0.0,0.0
6794,Justin Jefferson,MIN,WR,@DET,16.11,0.0,0.0,0.0,0.0,0.0,0.1,0.52,0.0,6.09,83.31,0.42,0.1,0.0,0.0,0.0,0.0,0.0,0.0,0.0,0.0,0.0,0.0,0.0,0.0,0.0,0.0,0.0,0.0
9997,Zay Flowers,BAL,WR,@MIA,15.59,0.0,0.0,0.0,0.0,0.0,0.58,3.39,0.0,6.73,76.36,0.19,0.0,0.0,0.0,0.0,0.0,0.0,0.0,0.0,0.0,0.0,0.0,0.0,0.0,0.0,0.0,0.0,0.0
8137,George Pickens,DAL,WR,ARI,14.94,0.0,0.0,0.0,0.0,0.0,0.0,0.0,0.0,4.77,66.01,0.58,0.0,0.0,0.0,0.0,0.0,0.0,0.0,0.0,0.0,0.0,0.0,0.0,0.0,0.0,0.0,0.0,0.0
11635,Ladd McConkey,LAC,WR,@TEN,15.8,0.0,0.0,0.0,0.0,0.0,0.0,0.0,0.0,5.9,67.83,0.52,0.0,0.0,0.0,0.0,0.0,0.0,0.0,0.0,0.0,0.0,0.0,0.0,0.0,0.0,0.0,0.0,0.0
11620,Rome Odunze,CHI,WR,@CIN,14.87,0.0,0.0,0.0,0.0,0.0,0.0,0.0,0.0,4.41,66.44,0.73,0.0,0.0,0.0,0.0,0.0,0.0,0.0,0.0,0.0,0.0,0.0,0.0,0.0,0.0,0.0,0.0,0.0
7526,Jaylen Waddle,MIA,WR,BAL,14.98,0.0,0.0,0.0,0.0,0.0,0.0,0.0,0.0,4.69,77.27,0.38,0.0,0.0,0.0,0.0,0.0,0.0,0.0,0.0,0.0,0.0,0.0,0.0,0.0,0.0,0.0,0.0,0.0
2133,Davante Adams,LAR,WR,NO,15.27,0.0,0.0,0.0,0.0,0.0,0.0,0.0,0.0,4.58,59.11,0.76,0.0,0.0,0.0,0.0,0.0,0.0,0.0,0.0,0.0,0.0,0.0,0.0,0.0,0.0,0.0,0.0,0.0
6819,Michael Pittman Jr.,IND,WR,@PIT,15.23,0.0,0.0,0.0,0.0,0.0,0.0,0.0,0.0,5.28,56.56,0.72,0.0,0.0,0.0,0.0,0.0,0.0,0.0,0.0,0.0,0.0,0.0,0.0,0.0,0.0,0.0,0.0,0.0
8112,Drake London,ATL,WR,@NE,15.02,0.0,0.0,0.0,0.0,0.0,0.0,0.0,0.0,5.26,61.74,0.49,0.0,0.0,0.0,0.0,0.0,0.0,0.0,0.0,0.0,0.0,0.0,0.0,0.0,0.0,0.0,0.0,0.0
5846,DK Metcalf,PIT,WR,IND,14.45,0.0,0.0,0.0,0.0,0.0,0.0,0.0,0.0,3.61,73.57,0.62,0.0,0.0,0.0,0.0,0.0,0.0,0.0,0.0,0.0,0.0,0.0,0.0,0.0,0.0,0.0,0.0,0.0
11631,Brian Thomas Jr.,JAX,WR,@LV,14.26,0.0,0.0,0.0,0.0,0.0,0.31,2.24,0.0,4.03,64.31,0.39,0.0,0.0,0.0,0.0,0.0,0.0,0.0,0.0,0.0,0.0,0.0,0.0,0.0,0.0,0.0,0.0,0.0
8144,Chris Olave,NO,WR,@LAR,13.06,0.0,0.0,0.0,0.0,0.0,0.0,0.0,0.0,5.32,58.94,0.3,0.0,0.0,0.0,0.0,0.0,0.0,0.0,0.0,0.0,0.0,0.0,0.0,0.0,0.0,0.0,0.0,0.0
7569,Nico Collins,HOU,WR,DEN,12.7,0.0,0.0,0.0,0.0,0.0,0.0,0.0,0.0,4.36,55.37,0.51,0.0,0.0,0.0,0.0,0.0,0.0,0.0,0.0,0.0,0.0,0.0,0.0,0.0,0.0,0.0,0.0,0.0
5872,Deebo Samuel,WAS,WR,SEA,13.47,0.0,0.0,0.0,0.0,0.0,1.45,5.06,0.1,5.63,47.77,0.31,0.0,0.0,0.0,0.0,0.0,0.0,0.0,0.0,0.0,0.0,0.0,0.0,0.0,0.0,0.0,0.0,0.0
12526,Tetairoa McMillan,CAR,WR,@GB,13.28,0.0,0.0,0.0,0.0,0.0,0.0,0.0,0.0,4.1,70.7,0.3,0.0,0.0,0.0,0.0,0.0,0.0,0.0,0.0,0.0,0.0,0.0,0.0,0.0,0.0,0.0,0.0,0.0
2449,Stefon Diggs,NE,WR,ATL,12.99,0.0,0.0,0.0,0.0,0.0,0.0,0.0,0.0,5.18,57.44,0.3,0.0,0.0,0.0,0.0,0.0,0.0,0.0,0.0,0.0,0.0,0.0,0.0,0.0,0.0,0.0,0.0,0.0
11628,Marvin Harrison Jr.,ARI,WR,@DAL,13.02,0.0,0.0,0.0,0.0,0.0,0.0,0.0,0.0,4.72,61.94,0.31,0.0,0.0,0.0,0.0,0.0,0.0,0.0,0.0,0.0,0.0,0.0,0.0,0.0,0.0,0.0,0.0,0.0
6801,Tee Higgins,CIN,WR,CHI,12.29,0.0,0.0,0.0,0.0,0.0,0.0,0.0,0.0,3.66,58.01,0.48,0.0,0.0,0.0,0.0,0.0,0.0,0.0,0.0,0.0,0.0,0.0,0.0,0.0,0.0,0.0,0.0,0.0
8126,Wan'Dale Robinson,NYG,WR,SF,11.88,0.0,0.0,0.0,0.0,0.0,0.1,0.51,0.0,5.43,56.77,0.31,0.0,0.0,0.0,0.0,0.0,0.0,0.0,0.0,0.0,0.0,0.0,0.0,0.0,0.0,0.0,0.0,0.0
1479,Keenan Allen,LAC,WR,@TEN,12.24,0.0,0.0,0.0,0.0,0.0,0.0,0.0,0.0,5.01,52.58,0.38,0.0,0.0,0.0,0.0,0.0,0.0,0.0,0.0,0.0,0.0,0.0,0.0,0.0,0.0,0.0,0.0,0.0
9756,Jordan Addison,MIN,WR,@DET,11.79,0.0,0.0,0.0,0.0,0.0,0.0,0.0,0.0,4.79,55.08,0.4,0.0,0.0,0.0,0.0,0.0,0.0,0.0,0.0,0.0,0.0,0.0,0.0,0.0,0.0,0.0,0.0,0.0
5045,Courtland Sutton,DEN,WR,@HOU,11.49,0.0,0.0,0.0,0.0,0.0,0.0,0.0,0.0,4.03,65.37,0.3,0.0,0.0,0.0,0.0,0.0,0.0,0.0,0.0,0.0,0.0,0.0,0.0,0.0,0.0,0.0,0.0,0.0
8134,Khalil Shakir,BUF,WR,KC,11.34,0.0,0.0,0.0,0.0,0.0,0.2,0.72,0.0,4.41,51.24,0.41,0.0,0.0,0.0,0.0,0.0,0.0,0.0,0.0,0.0,0.0,0.0,0.0,0.0,0.0,0.0,0.0,0.0
7049,Jauan Jennings,SF,WR,@NYG,11.26,0.0,0.0,0.0,0.0,0.0,0.0,0.0,0.0,4.78,48.65,0.31,0.0,0.0,0.0,0.0,0.0,0.0,0.0,0.0,0.0,0.0,0.0,0.0,0.0,0.0,0.0,0.0,0.0
4983,D.J. Moore,CHI,WR,@CIN,11.65,0.0,0.0,0.0,0.0,0.0,0.96,4.89,0.0,4.08,50.8,0.29,0.0,0.0,0.0,0.0,0.0,0.0,0.0,0.0,0.0,0.0,0.0,0.0,0.0,0.0,0.0,0.0,0.0
8121,Romeo Doubs,GB,WR,CAR,10.61,0.0,0.0,0.0,0.0,0.0,0.0,0.0,0.0,3.54,46.14,0.49,0.0,0.0,0.0,0.0,0.0,0.0,0.0,0.0,0.0,0.0,0.0,0.0,0.0,0.0,0.0,0.0,0.0
5947,Jakobi Meyers,LV,WR,JAX,10.68,0.0,0.0,0.0,0.0,0.0,0.0,0.0,0.0,4.55,50.9,0.21,0.0,0.0,0.0,0.0,0.0,0.0,0.0,0.0,0.0,0.0,0.0,0.0,0.0,0.0,0.0,0.0,0.0
9500,Josh Downs,IND,WR,@PIT,10.62,0.0,0.0,0.0,0.0,0.0,0.0,0.0,0.0,4.54,43.68,0.3,0.0,0.0,0.0,0.0,0.0,0.0,0.0,0.0,0.0,0.0,0.0,0.0,0.0,0.0,0.0,0.0,0.0
10213,Tre Tucker,LV,WR,JAX,10.08,0.0,0.0,0.0,0.0,0.0,0.81,3.63,0.0,3.58,47.21,0.39,0.0,0.0,0.0,0.0,0.0,0.0,0.0,0.0,0.0,0.0,0.0,0.0,0.0,0.0,0.0,0.0,0.0
9754,Quentin Johnston,LAC,WR,@TEN,10.9,0.0,0.0,0.0,0.0,0.0,0.0,0.0,0.0,3.98,48.91,0.31,0.0,0.0,0.0,0.0,0.0,0.0,0.0,0.0,0.0,0.0,0.0,0.0,0.0,0.0,0.0,0.0,0.0
11627,Troy Franklin,DEN,WR,@HOU,10.53,0.0,0.0,0.0,0.0,0.0,0.29,1.96,0.0,3.75,43.32,0.29,0.0,0.0,0.0,0.0,0.0,0.0,0.0,0.0,0.0,0.0,0.0,0.0,0.0,0.0,0.0,0.0,0.0
8148,Jameson Williams,DET,WR,MIN,10.75,0.0,0.0,0.0,0.0,0.0,0.0,0.0,0.0,3.09,54.06,0.41,0.0,0.0,0.0,0.0,0.0,0.0,0.0,0.0,0.0,0.0,0.0,0.0,0.0,0.0,0.0,0.0,0.0
8676,Rashid Shaheed,NO,WR,@LAR,9.95,0.0,0.0,0.0,0.0,0.0,0.0,0.0,0.0,4.24,49.74,0.19,0.0,0.0,0.0,0.0,0.0,0.0,0.0,0.0,0.0,0.0,0.0,0.0,0.0,0.0,0.0,0.0,0.0
11624,Xavier Worthy,KC,WR,@BUF,10.25,0.0,0.0,0.0,0.0,0.0,0.39,2.89,0.0,3.69,42.28,0.39,0.0,0.0,0.0,0.0,0.0,0.0,0.0,0.0,0.0,0.0,0.0,0.0,0.0,0.0,0.0,0.0,0.0
6149,Darius Slayton,NYG,WR,SF,10.4,0.0,0.0,0.0,0.0,0.0,0.0,0.0,0.0,3.42,43.73,0.4,0.0,0.0,0.0,0.0,0.0,0.0,0.0,0.0,0.0,0.0,0.0,0.0,0.0,0.0,0.0,0.0,0.0
11610,Malik Washington,MIA,WR,BAL,9.42,0.0,0.0,0.0,0.0,0.0,1.05,5.83,0.0,4.3,39.31,0.2,0.0,0.0,0.0,0.0,0.0,0.0,0.0,0.0,0.0,0.0,0.0,0.0,0.0,0.0,0.0,0.0,0.0
8142,Alec Pierce,IND,WR,@PIT,10.06,0.0,0.0,0.0,0.0,0.0,0.0,0.0,0.0,2.64,56.24,0.31,0.0,0.0,0.0,0.0,0.0,0.0,0.0,0.0,0.0,0.0,0.0,0.0,0.0,0.0,0.0,0.0,0.0
12540,Chimere Dike,TEN,WR,LAC,10.06,0.0,0.0,0.0,0.0,0.0,0.5,2.95,0.0,3.24,43.63,0.29,0.0,0.0,0.0,0.0,0.0,0.0,0.0,0.0,0.0,0.0,0.0,0.0,0.0,0.0,0.0,0.0,0.0
4454,Kendrick Bourne,SF,WR,@NYG,9.45,0.0,0.0,0.0,0.0,0.0,0.0,0.0,0.0,3.33,47.79,0.31,0.0,0.0,0.0,0.0,0.0,0.0,0.0,0.0,0.0,0.0,0.0,0.0,0.0,0.0,0.0,0.0,0.0
4039,Cooper Kupp,SEA,WR,@WAS,9.75,0.0,0.0,0.0,0.0,0.0,0.0,0.0,0.0,3.46,41.6,0.3,0.0,0.0,0.0,0.0,0.0,0.0,0.0,0.0,0.0,0.0,0.0,0.0,0.0,0.0,0.0,0.0,0.0
11637,Keon Coleman,BUF,WR,KC,9.35,0.0,0.0,0.0,0.0,0.0,0.0,0.0,0.0,4.15,39.98,0.3,0.0,0.0,0.0,0.0,0.0,0.0,0.0,0.0,0.0,0.0,0.0,0.0,0.0,0.0,0.0,0.0,0.0
9504,Kayshon Boutte,NE,WR,ATL,9.29,0.0,0.0,0.0,0.0,0.0,0.0,0.0,0.0,2.44,44.91,0.39,0.0,0.0,0.0,0.0,0.0,0.0,0.0,0.0,0.0,0.0,0.0,0.0,0.0,0.0,0.0,0.0,0.0
9487,Parker Washington,JAX,WR,@LV,9.23,0.0,0.0,0.0,0.0,0.0,0.3,1.14,0.0,3.31,41.31,0.29,0.0,0.0,0.0,0.0,0.0,0.0,0.0,0.0,0.0,0.0,0.0,0.0,0.0,0.0,0.0,0.0,0.0
7587,Dyami Brown,JAX,WR,@LV,9.38,0.0,0.0,0.0,0.0,0.0,0.49,3.14,0.0,3.08,39.48,0.29,0.0,0.0,0.0,0.0,0.0,0.0,0.0,0.0,0.0,0.0,0.0,0.0,0.0,0.0,0.0,0.0,0.0
12499,Elic Ayomanor,TEN,WR,LAC,8.69,0.0,0.0,0.0,0.0,0.0,0.0,0.0,0.0,2.72,39.1,0.4,0.0,0.0,0.0,0.0,0.0,0.0,0.0,0.0,0.0,0.0,0.0,0.0,0.0,0.0,0.0,0.0,0.0
12501,Matthew Golden,GB,WR,CAR,8.49,0.0,0.0,0.0,0.0,0.0,1.0,7.28,0.0,3.11,35.82,0.31,0.0,0.0,0.0,0.0,0.0,0.0,0.0,0.0,0.0,0.0,0.0,0.0,0.0,0.0,0.0,0.0,0.0
8167,Christian Watson,GB,WR,CAR,8.87,0.0,0.0,0.0,0.0,0.0,0.0,0.0,0.0,3.13,42.72,0.2,0.0,0.0,0.0,0.0,0.0,0.0,0.0,0.0,0.0,0.0,0.0,0.0,0.0,0.0,0.0,0.0,0.0
8125,Calvin Austin III,PIT,WR,IND,8.31,0.0,0.0,0.0,0.0,0.0,0.0,0.0,0.0,2.86,34.88,0.29,0.0,0.0,0.0,0.0,0.0,0.0,0.0,0.0,0.0,0.0,0.0,0.0,0.0,0.0,0.0,0.0,0.0
1426,DeAndre Hopkins,BAL,WR,@MIA,7.96,0.0,0.0,0.0,0.0,0.0,0.0,0.0,0.0,2.25,36.6,0.41,0.0,0.0,0.0,0.0,0.0,0.0,0.0,0.0,0.0,0.0,0.0,0.0,0.0,0.0,0.0,0.0,0.0
4351,Tim Patrick,JAX,WR,@LV,7.45,0.0,0.0,0.0,0.0,0.0,0.0,0.0,0.0,2.71,29.99,0.31,0.0,0.0,0.0,0.0,0.0,0.0,0.0,0.0,0.0,0.0,0.0,0.0,0.0,0.0,0.0,0.0,0.0
6271,Olamide Zaccheaus,CHI,WR,@CIN,7.56,0.0,0.0,0.0,0.0,0.0,0.51,3.48,0.0,3.85,28.86,0.1,0.0,0.0,0.0,0.0,0.0,0.0,0.0,0.0,0.0,0.0,0.0,0.0,0.0,0.0,0.0,0.0,0.0
4950,Christian Kirk,HOU,WR,DEN,7.19,0.0,0.0,0.0,0.0,0.0,0.0,0.0,0.0,3.05,33.0,0.21,0.0,0.0,0.0,0.0,0.0,0.0,0.0,0.0,0.0,0.0,0.0,0.0,0.0,0.0,0.0,0.0,0.0
4080,Zay Jones,ARI,WR,@DAL,7.19,0.0,0.0,0.0,0.0,0.0,0.0,0.0,0.0,2.68,38.8,0.1,0.0,0.0,0.0,0.0,0.0,0.0,0.0,0.0,0.0,0.0,0.0,0.0,0.0,0.0,0.0,0.0,0.0
11626,Xavier Legette,CAR,WR,@GB,7.24,0.0,0.0,0.0,0.0,0.0,0.0,0.0,0.0,2.72,28.25,0.2,0.0,0.0,0.0,0.0,0.0,0.0,0.0,0.0,0.0,0.0,0.0,0.0,0.0,0.0,0.0,0.0,0.0
11630,Roman Wilson,PIT,WR,IND,6.79,0.0,0.0,0.0,0.0,0.0,0.0,0.0,0.0,2.21,28.68,0.3,0.0,0.0,0.0,0.0,0.0,0.0,0.0,0.0,0.0,0.0,0.0,0.0,0.0,0.0,0.0,0.0,0.0
10232,Michael Wilson,ARI,WR,@DAL,6.53,0.0,0.0,0.0,0.0,0.0,0.0,0.0,0.0,2.83,28.81,0.1,0.0,0.0,0.0,0.0,0.0,0.0,0.0,0.0,0.0,0.0,0.0,0.0,0.0,0.0,0.0,0.0,0.0
10226,Andrei Iosivas,CIN,WR,CHI,6.58,0.0,0.0,0.0,0.0,0.0,0.2,1.11,0.0,2.03,35.37,0.1,0.0,0.0,0.0,0.0,0.0,0.0,0.0,0.0,0.0,0.0,0.0,0.0,0.0,0.0,0.0,0.0,0.0
9501,Demario Douglas,NE,WR,ATL,6.57,0.0,0.0,0.0,0.0,0.0,0.0,0.0,0.0,2.39,31.71,0.1,0.0,0.0,0.0,0.0,0.0,0.0,0.0,0.0,0.0,0.0,0.0,0.0,0.0,0.0,0.0,0.0,0.0
8917,KaVontae Turpin,DAL,WR,ARI,6.34,0.0,0.0,0.0,0.0,0.0,0.6,3.52,0.0,2.15,29.74,0.1,0.0,0.0,0.0,0.0,0.0,0.0,0.0,0.0,0.0,0.0,0.0,0.0,0.0,0.0,0.0,0.0,0.0
11311,Hollywood Brown,KC,WR,@BUF,6.27,0.0,0.0,0.0,0.0,0.0,0.0,0.0,0.0,2.2,21.77,0.31,0.0,0.0,0.0,0.0,0.0,0.0,0.0,0.0,0.0,0.0,0.0,0.0,0.0,0.0,0.0,0.0,0.0
6853,Van Jefferson,TEN,WR,LAC,6.11,0.0,0.0,0.0,0.0,0.0,0.0,0.0,0.0,2.11,32.34,0.1,0.0,0.0,0.0,0.0,0.0,0.0,0.0,0.0,0.0,0.0,0.0,0.0,0.0,0.0,0.0,0.0,0.0
7571,Rashod Bateman,BAL,WR,@MIA,6.24,0.0,0.0,0.0,0.0,0.0,0.0,0.0,0.0,2.05,27.88,0.2,0.0,0.0,0.0,0.0,0.0,0.0,0.0,0.0,0.0,0.0,0.0,0.0,0.0,0.0,0.0,0.0,0.0
7090,Darnell Mooney,ATL,WR,@NE,6.08,0.0,0.0,0.0,0.0,0.0,0.0,0.0,0.0,2.2,29.82,0.2,0.0,0.0,0.0,0.0,0.0,0.0,0.0,0.0,0.0,0.0,0.0,0.0,0.0,0.0,0.0,0.0,0.0
3269,Chris Moore,WAS,WR,SEA,5.7,0.0,0.0,0.0,0.0,0.0,0.1,1.23,0.0,1.46,26.77,0.31,0.0,0.0,0.0,0.0,0.0,0.0,0.0,0.0,0.0,0.0,0.0,0.0,0.0,0.0,0.0,0.0,0.0
11650,Luke McCaffrey,WAS,WR,SEA,5.88,0.0,0.0,0.0,0.0,0.0,0.0,0.0,0.0,1.39,28.59,0.29,0.0,0.0,0.0,0.0,0.0,0.0,0.0,0.0,0.0,0.0,0.0,0.0,0.0,0.0,0.0,0.0,0.0
11646,Jalen Coker,CAR,WR,@GB,5.44,0.0,0.0,0.0,0.0,0.0,0.0,0.0,0.0,1.87,32.96,0.1,0.0,0.0,0.0,0.0,0.0,0.0,0.0,0.0,0.0,0.0,0.0,0.0,0.0,0.0,0.0,0.0,0.0
4177,Mack Hollins,NE,WR,ATL,5.68,0.0,0.0,0.0,0.0,0.0,0.3,1.13,0.0,2.36,23.17,0.1,0.0,0.0,0.0,0.0,0.0,0.0,0.0,0.0,0.0,0.0,0.0,0.0,0.0,0.0,0.0,0.0,0.0
11623,Jordan Whittington,LAR,WR,NO,5.53,0.0,0.0,0.0,0.0,0.0,0.72,3.22,0.0,1.91,22.49,0.19,0.0,0.0,0.0,0.0,0.0,0.0,0.0,0.0,0.0,0.0,0.0,0.0,0.0,0.0,0.0,0.0,0.0
12641,Jaylin Lane,WAS,WR,SEA,5.48,0.0,0.0,0.0,0.0,0.0,0.0,0.0,0.0,1.62,28.72,0.1,0.0,0.0,0.0,0.0,0.0,0.0,0.0,0.0,0.0,0.0,0.0,0.0,0.0,0.0,0.0,0.0,0.0
10218,Xavier Hutchinson,HOU,WR,DEN,5.52,0.0,0.0,0.0,0.0,0.0,0.52,3.03,0.0,2.06,20.28,0.1,0.0,0.0,0.0,0.0,0.0,0.0,0.0,0.0,0.0,0.0,0.0,0.0,0.0,0.0,0.0,0.0,0.0
12492,Pat Bryant,DEN,WR,@HOU,4.92,0.0,0.0,0.0,0.0,0.0,0.0,0.0,0.0,1.97,25.02,0.1,0.0,0.0,0.0,0.0,0.0,0.0,0.0,0.0,0.0,0.0,0.0,0.0,0.0,0.0,0.0,0.0,0.0
3286,Demarcus Robinson,SF,WR,@NYG,4.95,0.0,0.0,0.0,0.0,0.0,0.0,0.0,0.0,1.92,22.78,0.1,0.0,0.0,0.0,0.0,0.0,0.0,0.0,0.0,0.0,0.0,0.0,0.0,0.0,0.0,0.0,0.0,0.0
12483,Jack Bech,LV,WR,JAX,5.0,0.0,0.0,0.0,0.0,0.0,0.1,0.92,0.0,1.86,22.04,0.1,0.0,0.0,0.0,0.0,0.0,0.0,0.0,0.0,0.0,0.0,0.0,0.0,0.0,0.0,0.0,0.0,0.0
8180,Jalen Nailor,MIN,WR,@DET,4.47,0.0,0.0,0.0,0.0,0.0,0.69,2.44,0.0,1.43,19.35,0.2,0.0,0.0,0.0,0.0,0.0,0.0,0.0,0.0,0.0,0.0,0.0,0.0,0.0,0.0,0.0,0.0,0.0
4040,JuJu Smith-Schuster,KC,WR,@BUF,4.65,0.0,0.0,0.0,0.0,0.0,0.0,0.0,0.0,1.96,22.93,0.1,0.0,0.0,0.0,0.0,0.0,0.0,0.0,0.0,0.0,0.0,0.0,0.0,0.0,0.0,0.0,0.0,0.0
7496,Nick Westbrook-Ikhine,MIA,WR,BAL,4.27,0.0,0.0,0.0,0.0,0.0,0.0,0.0,0.0,1.71,21.71,0.1,0.0,0.0,0.0,0.0,0.0,0.0,0.0,0.0,0.0,0.0,0.0,0.0,0.0,0.0,0.0,0.0,0.0
5970,Greg Dortch,ARI,WR,@DAL,4.17,0.0,0.0,0.0,0.0,0.0,0.3,1.86,0.0,2.33,11.17,0.1,0.0,0.0,0.0,0.0,0.0,0.0,0.0,0.0,0.0,0.0,0.0,0.0,0.0,0.0,0.0,0.0,0.0
12497,Tory Horton,SEA,WR,@WAS,4.37,0.0,0.0,0.0,0.0,0.0,0.0,0.0,0.0,0.76,11.72,0.4,0.0,0.0,0.0,0.0,0.0,0.0,0.0,0.0,0.0,0.0,0.0,0.0,0.0,0.0,0.0,0.0,0.0
12484,Jayden Higgins,HOU,WR,DEN,4.16,0.0,0.0,0.0,0.0,0.0,0.0,0.0,0.0,1.56,16.48,0.1,0.0,0.0,0.0,0.0,0.0,0.0,0.0,0.0,0.0,0.0,0.0,0.0,0.0,0.0,0.0,0.0,0.0
12536,Jaylin Noel,HOU,WR,DEN,4.16,0.0,0.0,0.0,0.0,0.0,0.0,0.0,0.0,1.61,17.93,0.1,0.0,0.0,0.0,0.0,0.0,0.0,0.0,0.0,0.0,0.0,0.0,0.0,0.0,0.0,0.0,0.0,0.0
7596,Elijah Moore,BUF,WR,KC,3.71,0.0,0.0,0.0,0.0,0.0,0.79,3.17,0.0,1.2,18.89,0.1,0.0,0.0,0.0,0.0,0.0,0.0,0.0,0.0,0.0,0.0,0.0,0.0,0.0,0.0,0.0,0.0,0.0
5113,Cedrick Wilson,MIA,WR,BAL,3.8,0.0,0.0,0.0,0.0,0.0,0.0,0.0,0.0,1.28,20.35,0.1,0.0,0.0,0.0,0.0,0.0,0.0,0.0,0.0,0.0,0.0,0.0,0.0,0.0,0.0,0.0,0.0,0.0
2197,Brandin Cooks,NO,WR,@LAR,3.6,0.0,0.0,0.0,0.0,0.0,0.0,0.0,0.0,1.76,17.5,0.0,0.0,0.0,0.0,0.0,0.0,0.0,0.0,0.0,0.0,0.0,0.0,0.0,0.0,0.0,0.0,0.0,0.0
4082,Curtis Samuel,BUF,WR,KC,3.41,0.0,0.0,0.0,0.0,0.0,0.0,0.0,0.0,1.05,15.78,0.1,0.0,0.0,0.0,0.0,0.0,0.0,0.0,0.0,0.0,0.0,0.0,0.0,0.0,0.0,0.0,0.0,0.0
12541,Dont'e Thornton,LV,WR,JAX,3.28,0.0,0.0,0.0,0.0,0.0,0.0,0.0,0.0,0.87,15.17,0.1,0.0,0.0,0.0,0.0,0.0,0.0,0.0,0.0,0.0,0.0,0.0,0.0,0.0,0.0,0.0,0.0,0.0
8188,Tyquan Thornton,KC,WR,@BUF,2.91,0.0,0.0,0.0,0.0,0.0,0.0,0.0,0.0,0.68,14.16,0.19,0.0,0.0,0.0,0.0,0.0,0.0,0.0,0.0,0.0,0.0,0.0,0.0,0.0,0.0,0.0,0.0,0.0
11377,Tyrell Shavers,BUF,WR,KC,2.91,0.0,0.0,0.0,0.0,0.0,0.0,0.0,0.0,1.1,14.13,0.0,0.0,0.0,0.0,0.0,0.0,0.0,0.0,0.0,0.0,0.0,0.0,0.0,0.0,0.0,0.0,0.0,0.0
5938,Lil'Jordan Humphrey,NYG,WR,SF,2.51,0.0,0.0,0.0,0.0,0.0,0.0,0.0,0.0,0.96,9.5,0.1,0.0,0.0,0.0,0.0,0.0,0.0,0.0,0.0,0.0,0.0,0.0,0.0,0.0,0.0,0.0,0.0,0.0
12509,Tre' Harris,LAC,WR,@TEN,2.45,0.0,0.0,0.0,0.0,0.0,0.0,0.0,0.0,1.15,6.23,0.1,0.0,0.0,0.0,0.0,0.0,0.0,0.0,0.0,0.0,0.0,0.0,0.0,0.0,0.0,0.0,0.0,0.0
12535,Isaac TeSlaa,DET,WR,MIN,2.35,0.0,0.0,0.0,0.0,0.0,0.0,0.0,0.0,0.8,9.68,0.1,0.0,0.0,0.0,0.0,0.0,0.0,0.0,0.0,0.0,0.0,0.0,0.0,0.0,0.0,0.0,0.0,0.0
7595,Tylan Wallace,BAL,WR,@MIA,2.26,0.0,0.0,0.0,0.0,0.0,0.0,0.0,0.0,0.6,7.02,0.21,0.0,0.0,0.0,0.0,0.0,0.0,0.0,0.0,0.0,0.0,0.0,0.0,0.0,0.0,0.0,0.0,0.0
8117,Jalen Tolbert,DAL,WR,ARI,2.4,0.0,0.0,0.0,0.0,0.0,0.0,0.0,0.0,1.09,10.63,0.0,0.0,0.0,0.0,0.0,0.0,0.0,0.0,0.0,0.0,0.0,0.0,0.0,0.0,0.0,0.0,0.0,0.0
12634,Jordan Watkins,SF,WR,@NYG,2.19,0.0,0.0,0.0,0.0,0.0,0.0,0.0,0.0,0.88,8.54,0.1,0.0,0.0,0.0,0.0,0.0,0.0,0.0,0.0,0.0,0.0,0.0,0.0,0.0,0.0,0.0,0.0,0.0
11806,Casey Washington,ATL,WR,@NE,1.98,0.0,0.0,0.0,0.0,0.0,0.0,0.0,0.0,0.95,9.59,0.0,0.0,0.0,0.0,0.0,0.0,0.0,0.0,0.0,0.0,0.0,0.0,0.0,0.0,0.0,0.0,0.0,0.0
3423,Robbie Chosen,WAS,WR,SEA,1.93,0.0,0.0,0.0,0.0,0.0,0.0,0.0,0.0,1.04,8.77,0.0,0.0,0.0,0.0,0.0,0.0,0.0,0.0,0.0,0.0,0.0,0.0,0.0,0.0,0.0,0.0,0.0,0.0
12482,Savion Williams,GB,WR,CAR,1.91,0.0,0.0,0.0,0.0,0.0,0.73,4.61,0.0,0.83,3.94,0.1,0.0,0.0,0.0,0.0,0.0,0.0,0.0,0.0,0.0,0.0,0.0,0.0,0.0,0.0,0.0,0.0,0.0
12889,Beaux Collins,NYG,WR,SF,1.8,0.0,0.0,0.0,0.0,0.0,0.0,0.0,0.0,0.78,8.33,0.0,0.0,0.0,0.0,0.0,0.0,0.0,0.0,0.0,0.0,0.0,0.0,0.0,0.0,0.0,0.0,0.0,0.0
12523,Jimmy Horn,CAR,WR,@GB,1.84,0.0,0.0,0.0,0.0,0.0,0.38,1.94,0.0,0.77,6.59,0.0,0.0,0.0,0.0,0.0,0.0,0.0,0.0,0.0,0.0,0.0,0.0,0.0,0.0,0.0,0.0,0.0,0.0
11210,Malik Heath,GB,WR,CAR,1.62,0.0,0.0,0.0,0.0,0.0,0.0,0.0,0.0,0.61,9.85,0.0,0.0,0.0,0.0,0.0,0.0,0.0,0.0,0.0,0.0,0.0,0.0,0.0,0.0,0.0,0.0,0.0,0.0
11834,Devaughn Vele,NO,WR,@LAR,1.41,0.0,0.0,0.0,0.0,0.0,0.0,0.0,0.0,0.62,4.96,0.0,0.0,0.0,0.0,0.0,0.0,0.0,0.0,0.0,0.0,0.0,0.0,0.0,0.0,0.0,0.0,0.0,0.0
12718,Konata Mumpfield,LAR,WR,NO,1.17,0.0,0.0,0.0,0.0,0.0,0.0,0.0,0.0,0.39,7.91,0.0,0.0,0.0,0.0,0.0,0.0,0.0,0.0,0.0,0.0,0.0,0.0,0.0,0.0,0.0,0.0,0.0,0.0
11783,Ryan Flournoy,DAL,WR,ARI,1.25,0.0,0.0,0.0,0.0,0.0,0.3,1.72,0.0,0.5,5.52,0.0,0.0,0.0,0.0,0.0,0.0,0.0,0.0,0.0,0.0,0.0,0.0,0.0,0.0,0.0,0.0,0.0,0.0
6957,James Proche,TEN,WR,LAC,0.95,0.0,0.0,0.0,0.0,0.0,0.0,0.0,0.0,0.41,6.64,0.0,0.0,0.0,0.0,0.0,0.0,0.0,0.0,0.0,0.0,0.0,0.0,0.0,0.0,0.0,0.0,0.0,0.0
7757,Ben Skowronek,PIT,WR,IND,1.05,0.0,0.0,0.0,0.0,0.0,0.0,0.0,0.0,0.3,4.91,0.0,0.0,0.0,0.0,0.0,0.0,0.0,0.0,0.0,0.0,0.0,0.0,0.0,0.0,0.0,0.0,0.0,0.0
5773,KhaDarel Hodge,ATL,WR,@NE,1.0,0.0,0.0,0.0,0.0,0.0,0.0,0.0,0.0,0.48,5.37,0.0,0.0,0.0,0.0,0.0,0.0,0.0,0.0,0.0,0.0,0.0,0.0,0.0,0.0,0.0,0.0,0.0,0.0
3634,Kalif Raymond,DET,WR,MIN,1.04,0.0,0.0,0.0,0.0,0.0,0.0,0.0,0.0,0.3,6.67,0.0,0.0,0.0,0.0,0.0,0.0,0.0,0.0,0.0,0.0,0.0,0.0,0.0,0.0,0.0,0.0,0.0,0.0
8527,Dareke Young,SEA,WR,@WAS,1.04,0.0,0.0,0.0,0.0,0.0,0.0,0.0,0.0,0.29,7.28,0.0,0.0,0.0,0.0,0.0,0.0,0.0,0.0,0.0,0.0,0.0,0.0,0.0,0.0,0.0,0.0,0.0,0.0
6427,Ashton Dulin,IND,WR,@PIT,0.96,0.0,0.0,0.0,0.0,0.0,0.0,0.0,0.0,0.39,4.89,0.0,0.0,0.0,0.0,0.0,0.0,0.0,0.0,0.0,0.0,0.0,0.0,0.0,0.0,0.0,0.0,0.0,0.0
6847,Devin Duvernay,CHI,WR,@CIN,0.96,0.0,0.0,0.0,0.0,0.0,0.0,0.0,0.0,0.29,6.3,0.0,0.0,0.0,0.0,0.0,0.0,0.0,0.0,0.0,0.0,0.0,0.0,0.0,0.0,0.0,0.0,0.0,0.0
11157,Brycen Tremayne,CAR,WR,@GB,0.72,0.0,0.0,0.0,0.0,0.0,0.0,0.0,0.0,0.41,3.14,0.0,0.0,0.0,0.0,0.0,0.0,0.0,0.0,0.0,0.0,0.0,0.0,0.0,0.0,0.0,0.0,0.0,0.0
10867,Jake Bobo,SEA,WR,@WAS,0.71,0.0,0.0,0.0,0.0,0.0,0.0,0.0,0.0,0.41,3.43,0.0,0.0,0.0,0.0,0.0,0.0,0.0,0.0,0.0,0.0,0.0,0.0,0.0,0.0,0.0,0.0,0.0,0.0
6154,David Sills,ATL,WR,@NE,0.69,0.0,0.0,0.0,0.0,0.0,0.0,0.0,0.0,0.38,3.28,0.0,0.0,0.0,0.0,0.0,0.0,0.0,0.0,0.0,0.0,0.0,0.0,0.0,0.0,0.0,0.0,0.0,0.0
5154,Trent Sherfield,DEN,WR,@HOU,0.61,0.0,0.0,0.0,0.0,0.0,0.0,0.0,0.0,0.3,3.14,0.0,0.0,0.0,0.0,0.0,0.0,0.0,0.0,0.0,0.0,0.0,0.0,0.0,0.0,0.0,0.0,0.0,0.0
8130,Trey McBride,ARI,TE,@DAL,17.46,0.0,0.0,0.0,0.0,0.0,0.0,0.0,0.0,7.37,66.98,0.51,0.0,0.0,0.0,0.0,0.0,0.0,0.0,0.0,0.0,0.0,0.0,0.0,0.0,0.0,0.0,0.0,0.0
9484,Tucker Kraft,GB,TE,CAR,15.13,0.0,0.0,0.0,0.0,0.0,0.31,0.6,0.0,4.24,68.32,0.78,0.0,0.0,0.0,0.0,0.0,0.0,0.0,0.0,0.0,0.0,0.0,0.0,0.0,0.0,0.0,0.0,0.0
12518,Tyler Warren,IND,TE,@PIT,14.13,0.0,0.0,0.0,0.0,0.0,0.77,1.33,0.1,4.4,57.94,0.42,0.0,0.0,0.0,0.0,0.0,0.0,0.0,0.0,0.0,0.0,0.0,0.0,0.0,0.0,0.0,0.0,0.0
4217,George Kittle,SF,TE,@NYG,12.93,0.0,0.0,0.0,0.0,0.0,0.0,0.0,0.0,4.99,51.21,0.48,0.0,0.0,0.0,0.0,0.0,0.0,0.0,0.0,0.0,0.0,0.0,0.0,0.0,0.0,0.0,0.0,0.0
11604,Brock Bowers,LV,TE,JAX,12.83,0.0,0.0,0.0,0.0,0.0,0.0,0.0,0.0,4.78,60.41,0.31,0.0,0.0,0.0,0.0,0.0,0.0,0.0,0.0,0.0,0.0,0.0,0.0,0.0,0.0,0.0,0.0,0.0
8110,Jake Ferguson,DAL,TE,ARI,12.22,0.0,0.0,0.0,0.0,0.0,0.0,0.0,0.0,4.98,41.88,0.61,0.0,0.0,0.0,0.0,0.0,0.0,0.0,0.0,0.0,0.0,0.0,0.0,0.0,0.0,0.0,0.0,0.0
12493,Oronde Gadsden,LAC,TE,@TEN,12.22,0.0,0.0,0.0,0.0,0.0,0.0,0.0,0.0,4.78,60.02,0.31,0.0,0.0,0.0,0.0,0.0,0.0,0.0,0.0,0.0,0.0,0.0,0.0,0.0,0.0,0.0,0.0,0.0
1466,Travis Kelce,KC,TE,@BUF,11.84,0.0,0.0,0.0,0.0,0.0,0.0,0.0,0.0,4.27,55.88,0.3,0.0,0.0,0.0,0.0,0.0,0.0,0.0,0.0,0.0,0.0,0.0,0.0,0.0,0.0,0.0,0.0,0.0
10859,Sam LaPorta,DET,TE,MIN,10.99,0.0,0.0,0.0,0.0,0.0,0.0,0.0,0.0,4.36,54.38,0.31,0.0,0.0,0.0,0.0,0.0,0.0,0.0,0.0,0.0,0.0,0.0,0.0,0.0,0.0,0.0,0.0,0.0
7553,Kyle Pitts,ATL,TE,@NE,11.33,0.0,0.0,0.0,0.0,0.0,0.0,0.0,0.0,5.49,47.51,0.19,0.0,0.0,0.0,0.0,0.0,0.0,0.0,0.0,0.0,0.0,0.0,0.0,0.0,0.0,0.0,0.0,0.0
10236,Dalton Kincaid,BUF,TE,KC,11.12,0.0,0.0,0.0,0.0,0.0,0.0,0.0,0.0,3.85,48.23,0.39,0.0,0.0,0.0,0.0,0.0,0.0,0.0,0.0,0.0,0.0,0.0,0.0,0.0,0.0,0.0,0.0,0.0
1339,Zach Ertz,WAS,TE,SEA,10.18,0.0,0.0,0.0,0.0,0.0,0.0,0.0,0.0,3.63,34.4,0.52,0.0,0.0,0.0,0.0,0.0,0.0,0.0,0.0,0.0,0.0,0.0,0.0,0.0,0.0,0.0,0.0,0.0
5012,Mark Andrews,BAL,TE,@MIA,10.59,0.0,0.0,0.0,0.0,0.0,0.0,0.0,0.0,4.02,36.84,0.39,0.0,0.0,0.0,0.0,0.0,0.0,0.0,0.0,0.0,0.0,0.0,0.0,0.0,0.0,0.0,0.0,0.0
3214,Hunter Henry,NE,TE,ATL,9.39,0.0,0.0,0.0,0.0,0.0,0.0,0.0,0.0,3.03,36.33,0.4,0.0,0.0,0.0,0.0,0.0,0.0,0.0,0.0,0.0,0.0,0.0,0.0,0.0,0.0,0.0,0.0,0.0
5844,T.J. Hockenson,MIN,TE,@DET,8.8,0.0,0.0,0.0,0.0,0.0,0.0,0.0,0.0,4.39,33.39,0.21,0.0,0.0,0.0,0.0,0.0,0.0,0.0,0.0,0.0,0.0,0.0,0.0,0.0,0.0,0.0,0.0,0.0
12517,Colston Loveland,CHI,TE,@CIN,8.57,0.0,0.0,0.0,0.0,0.0,0.0,0.0,0.0,3.64,38.1,0.3,0.0,0.0,0.0,0.0,0.0,0.0,0.0,0.0,0.0,0.0,0.0,0.0,0.0,0.0,0.0,0.0,0.0
11597,Theo Johnson,NYG,TE,SF,8.58,0.0,0.0,0.0,0.0,0.0,0.0,0.0,0.0,3.74,31.02,0.41,0.0,0.0,0.0,0.0,0.0,0.0,0.0,0.0,0.0,0.0,0.0,0.0,0.0,0.0,0.0,0.0,0.0
11603,AJ Barner,SEA,TE,@WAS,8.3,0.0,0.0,0.0,0.0,0.0,0.0,0.0,0.0,2.76,33.78,0.4,0.0,0.0,0.0,0.0,0.0,0.0,0.0,0.0,0.0,0.0,0.0,0.0,0.0,0.0,0.0,0.0,0.0
4066,Evan Engram,DEN,TE,@HOU,8.9,0.0,0.0,0.0,0.0,0.0,0.19,1.21,0.0,4.04,35.29,0.21,0.0,0.0,0.0,0.0,0.0,0.0,0.0,0.0,0.0,0.0,0.0,0.0,0.0,0.0,0.0,0.0,0.0
7002,Juwan Johnson,NO,TE,@LAR,8.92,0.0,0.0,0.0,0.0,0.0,0.0,0.0,0.0,3.77,44.44,0.1,0.0,0.0,0.0,0.0,0.0,0.0,0.0,0.0,0.0,0.0,0.0,0.0,0.0,0.0,0.0,0.0,0.0
4144,Jonnu Smith,PIT,TE,IND,8.32,0.0,0.0,0.0,0.0,0.0,0.52,1.4,0.0,3.57,31.25,0.31,0.0,0.0,0.0,0.0,0.0,0.0,0.0,0.0,0.0,0.0,0.0,0.0,0.0,0.0,0.0,0.0,0.0
5857,Noah Fant,CIN,TE,CHI,7.93,0.0,0.0,0.0,0.0,0.0,0.0,0.0,0.0,3.26,32.05,0.3,0.0,0.0,0.0,0.0,0.0,0.0,0.0,0.0,0.0,0.0,0.0,0.0,0.0,0.0,0.0,0.0,0.0
5001,Dalton Schultz,HOU,TE,DEN,8.16,0.0,0.0,0.0,0.0,0.0,0.0,0.0,0.0,3.8,36.47,0.1,0.0,0.0,0.0,0.0,0.0,0.0,0.0,0.0,0.0,0.0,0.0,0.0,0.0,0.0,0.0,0.0,0.0
5288,Chigoziem Okonkwo,TEN,TE,LAC,7.42,0.0,0.0,0.0,0.0,0.0,0.0,0.0,0.0,3.36,35.76,0.1,0.0,0.0,0.0,0.0,0.0,0.0,0.0,0.0,0.0,0.0,0.0,0.0,0.0,0.0,0.0,0.0,0.0
3271,Tyler Higbee,LAR,TE,NO,5.79,0.0,0.0,0.0,0.0,0.0,0.0,0.0,0.0,2.17,24.05,0.2,0.0,0.0,0.0,0.0,0.0,0.0,0.0,0.0,0.0,0.0,0.0,0.0,0.0,0.0,0.0,0.0,0.0
8225,Daniel Bellinger,NYG,TE,SF,5.67,0.0,0.0,0.0,0.0,0.0,0.0,0.0,0.0,2.08,27.09,0.2,0.0,0.0,0.0,0.0,0.0,0.0,0.0,0.0,0.0,0.0,0.0,0.0,0.0,0.0,0.0,0.0,0.0
12502,Gunnar Helm,TEN,TE,LAC,5.35,0.0,0.0,0.0,0.0,0.0,0.0,0.0,0.0,2.52,24.66,0.1,0.0,0.0,0.0,0.0,0.0,0.0,0.0,0.0,0.0,0.0,0.0,0.0,0.0,0.0,0.0,0.0,0.0
11600,Ja'Tavion Sanders,CAR,TE,@GB,5.56,0.0,0.0,0.0,0.0,0.0,0.0,0.0,0.0,2.29,23.44,0.1,0.0,0.0,0.0,0.0,0.0,0.0,0.0,0.0,0.0,0.0,0.0,0.0,0.0,0.0,0.0,0.0,0.0
6826,Cole Kmet,CHI,TE,@CIN,5.06,0.0,0.0,0.0,0.0,0.0,0.0,0.0,0.0,1.77,23.92,0.1,0.0,0.0,0.0,0.0,0.0,0.0,0.0,0.0,0.0,0.0,0.0,0.0,0.0,0.0,0.0,0.0,0.0
8849,Tanner Conner,MIA,TE,BAL,4.84,0.0,0.0,0.0,0.0,0.0,0.0,0.0,0.0,2.0,21.12,0.1,0.0,0.0,0.0,0.0,0.0,0.0,0.0,0.0,0.0,0.0,0.0,0.0,0.0,0.0,0.0,0.0,0.0
7600,Pat Freiermuth,PIT,TE,IND,4.51,0.0,0.0,0.0,0.0,0.0,0.0,0.0,0.0,1.76,18.33,0.21,0.0,0.0,0.0,0.0,0.0,0.0,0.0,0.0,0.0,0.0,0.0,0.0,0.0,0.0,0.0,0.0,0.0
9482,Michael Mayer,LV,TE,JAX,4.52,0.0,0.0,0.0,0.0,0.0,0.0,0.0,0.0,1.43,12.09,0.31,0.0,0.0,0.0,0.0,0.0,0.0,0.0,0.0,0.0,0.0,0.0,0.0,0.0,0.0,0.0,0.0,0.0
8131,Isaiah Likely,BAL,TE,@MIA,4.22,0.0,0.0,0.0,0.0,0.0,0.0,0.0,0.0,1.33,12.65,0.29,0.0,0.0,0.0,0.0,0.0,0.0,0.0,0.0,0.0,0.0,0.0,0.0,0.0,0.0,0.0,0.0,0.0
7535,Hunter Long,JAX,TE,@LV,4.3,0.0,0.0,0.0,0.0,0.0,0.0,0.0,0.0,1.84,16.27,0.1,0.0,0.0,0.0,0.0,0.0,0.0,0.0,0.0,0.0,0.0,0.0,0.0,0.0,0.0,0.0,0.0,0.0
5906,Dawson Knox,BUF,TE,KC,4.21,0.0,0.0,0.0,0.0,0.0,0.0,0.0,0.0,1.57,18.33,0.1,0.0,0.0,0.0,0.0,0.0,0.0,0.0,0.0,0.0,0.0,0.0,0.0,0.0,0.0,0.0,0.0,0.0
12521,Elijah Arroyo,SEA,TE,@WAS,4.09,0.0,0.0,0.0,0.0,0.0,0.0,0.0,0.0,1.65,18.26,0.1,0.0,0.0,0.0,0.0,0.0,0.0,0.0,0.0,0.0,0.0,0.0,0.0,0.0,0.0,0.0,0.0,0.0
8172,Greg Dulcich,MIA,TE,BAL,4.03,0.0,0.0,0.0,0.0,0.0,0.0,0.0,0.0,1.73,15.52,0.1,0.0,0.0,0.0,0.0,0.0,0.0,0.0,0.0,0.0,0.0,0.0,0.0,0.0,0.0,0.0,0.0,0.0
10231,Elijah Higgins,ARI,TE,@DAL,3.54,0.0,0.0,0.0,0.0,0.0,0.0,0.0,0.0,1.57,15.87,0.1,0.0,0.0,0.0,0.0,0.0,0.0,0.0,0.0,0.0,0.0,0.0,0.0,0.0,0.0,0.0,0.0,0.0
3202,Austin Hooper,NE,TE,ATL,3.33,0.0,0.0,0.0,0.0,0.0,0.0,0.0,0.0,1.63,12.83,0.1,0.0,0.0,0.0,0.0,0.0,0.0,0.0,0.0,0.0,0.0,0.0,0.0,0.0,0.0,0.0,0.0,0.0
7891,Brock Wright,DET,TE,MIN,3.52,0.0,0.0,0.0,0.0,0.0,0.0,0.0,0.0,1.07,10.01,0.2,0.0,0.0,0.0,0.0,0.0,0.0,0.0,0.0,0.0,0.0,0.0,0.0,0.0,0.0,0.0,0.0,0.0
4381,Taysom Hill,NO,TE,@LAR,3.32,0.0,0.0,0.0,0.0,0.0,2.28,10.55,0.2,0.6,3.81,0.0,0.0,0.0,0.0,0.0,0.0,0.0,0.0,0.0,0.0,0.0,0.0,0.0,0.0,0.0,0.0,0.0,0.0
9479,Darnell Washington,PIT,TE,IND,3.3,0.0,0.0,0.0,0.0,0.0,0.0,0.0,0.0,1.39,11.6,0.1,0.0,0.0,0.0,0.0,0.0,0.0,0.0,0.0,0.0,0.0,0.0,0.0,0.0,0.0,0.0,0.0,0.0
10214,Davis Allen,LAR,TE,NO,2.89,0.0,0.0,0.0,0.0,0.0,0.0,0.0,0.0,1.14,13.24,0.1,0.0,0.0,0.0,0.0,0.0,0.0,0.0,0.0,0.0,0.0,0.0,0.0,0.0,0.0,0.0,0.0,0.0
4314,Johnny Mundt,JAX,TE,@LV,2.79,0.0,0.0,0.0,0.0,0.0,0.0,0.0,0.0,1.34,11.0,0.1,0.0,0.0,0.0,0.0,0.0,0.0,0.0,0.0,0.0,0.0,0.0,0.0,0.0,0.0,0.0,0.0,0.0
7828,Noah Gray,KC,TE,@BUF,2.6,0.0,0.0,0.0,0.0,0.0,0.0,0.0,0.0,1.24,12.59,0.0,0.0,0.0,0.0,0.0,0.0,0.0,0.0,0.0,0.0,0.0,0.0,0.0,0.0,0.0,0.0,0.0,0.0
5409,Tanner Hudson,CIN,TE,CHI,2.44,0.0,0.0,0.0,0.0,0.0,0.0,0.0,0.0,1.1,6.81,0.1,0.0,0.0,0.0,0.0,0.0,0.0,0.0,0.0,0.0,0.0,0.0,0.0,0.0,0.0,0.0,0.0,0.0
12473,Mitchell Evans,CAR,TE,@GB,2.37,0.0,0.0,0.0,0.0,0.0,0.0,0.0,0.0,0.9,12.03,0.1,0.0,0.0,0.0,0.0,0.0,0.0,0.0,0.0,0.0,0.0,0.0,0.0,0.0,0.0,0.0,0.0,0.0
12658,Jackson Hawes,BUF,TE,KC,2.25,0.0,0.0,0.0,0.0,0.0,0.0,0.0,0.0,0.79,10.82,0.1,0.0,0.0,0.0,0.0,0.0,0.0,0.0,0.0,0.0,0.0,0.0,0.0,0.0,0.0,0.0,0.0,0.0
9481,Luke Musgrave,GB,TE,CAR,1.99,0.0,0.0,0.0,0.0,0.0,0.0,0.0,0.0,0.87,7.54,0.1,0.0,0.0,0.0,0.0,0.0,0.0,0.0,0.0,0.0,0.0,0.0,0.0,0.0,0.0,0.0,0.0,0.0
12487,Terrance Ferguson,LAR,TE,NO,1.93,0.0,0.0,0.0,0.0,0.0,0.0,0.0,0.0,0.31,9.99,0.1,0.0,0.0,0.0,0.0,0.0,0.0,0.0,0.0,0.0,0.0,0.0,0.0,0.0,0.0,0.0,0.0,0.0
7694,Tommy Tremble,CAR,TE,@GB,1.87,0.0,0.0,0.0,0.0,0.0,0.0,0.0,0.0,0.82,8.78,0.0,0.0,0.0,0.0,0.0,0.0,0.0,0.0,0.0,0.0,0.0,0.0,0.0,0.0,0.0,0.0,0.0,0.0
13121,Ben Yurosek,MIN,TE,@DET,1.64,0.0,0.0,0.0,0.0,0.0,0.0,0.0,0.0,0.58,6.91,0.1,0.0,0.0,0.0,0.0,0.0,0.0,0.0,0.0,0.0,0.0,0.0,0.0,0.0,0.0,0.0,0.0,0.0
6001,Drew Sample,CIN,TE,CHI,1.53,0.0,0.0,0.0,0.0,0.0,0.0,0.0,0.0,0.59,4.19,0.1,0.0,0.0,0.0,0.0,0.0,0.0,0.0,0.0,0.0,0.0,0.0,0.0,0.0,0.0,0.0,0.0,0.0
8500,John FitzPatrick,GB,TE,CAR,1.34,0.0,0.0,0.0,0.0,0.0,0.0,0.0,0.0,0.83,3.98,0.0,0.0,0.0,0.0,0.0,0.0,0.0,0.0,0.0,0.0,0.0,0.0,0.0,0.0,0.0,0.0,0.0,0.0
6869,Adam Trautman,DEN,TE,@HOU,1.28,0.0,0.0,0.0,0.0,0.0,0.0,0.0,0.0,0.61,5.24,0.0,0.0,0.0,0.0,0.0,0.0,0.0,0.0,0.0,0.0,0.0,0.0,0.0,0.0,0.0,0.0,0.0,0.0
5985,Foster Moreau,NO,TE,@LAR,1.24,0.0,0.0,0.0,0.0,0.0,0.0,0.0,0.0,0.42,2.89,0.1,0.0,0.0,0.0,0.0,0.0,0.0,0.0,0.0,0.0,0.0,0.0,0.0,0.0,0.0,0.0,0.0,0.0
7716,John Bates,WAS,TE,SEA,1.21,0.0,0.0,0.0,0.0,0.0,0.0,0.0,0.0,0.62,6.85,0.0,0.0,0.0,0.0,0.0,0.0,0.0,0.0,0.0,0.0,0.0,0.0,0.0,0.0,0.0,0.0,0.0,0.0
4054,Mo Alie-Cox,IND,TE,@PIT,1.18,0.0,0.0,0.0,0.0,0.0,0.0,0.0,0.0,0.5,6.55,0.0,0.0,0.0,0.0,0.0,0.0,0.0,0.0,0.0,0.0,0.0,0.0,0.0,0.0,0.0,0.0,0.0,0.0
10871,Luke Schoonmaker,DAL,TE,ARI,1.13,0.0,0.0,0.0,0.0,0.0,0.0,0.0,0.0,0.76,3.87,0.0,0.0,0.0,0.0,0.0,0.0,0.0,0.0,0.0,0.0,0.0,0.0,0.0,0.0,0.0,0.0,0.0,0.0
8127,Charlie Kolar,BAL,TE,@MIA,1.13,0.0,0.0,0.0,0.0,0.0,0.0,0.0,0.0,0.51,5.76,0.0,0.0,0.0,0.0,0.0,0.0,0.0,0.0,0.0,0.0,0.0,0.0,0.0,0.0,0.0,0.0,0.0,0.0
8698,Jake Tonges,SF,TE,@NYG,0.76,0.0,0.0,0.0,0.0,0.0,0.0,0.0,0.0,0.42,2.6,0.0,0.0,0.0,0.0,0.0,0.0,0.0,0.0,0.0,0.0,0.0,0.0,0.0,0.0,0.0,0.0,0.0,0.0
11596,Ben Sinnott,WAS,TE,SEA,0.63,0.0,0.0,0.0,0.0,0.0,0.0,0.0,0.0,0.31,3.18,0.0,0.0,0.0,0.0,0.0,0.0,0.0,0.0,0.0,0.0,0.0,0.0,0.0,0.0,0.0,0.0,0.0,0.0
7842,Luke Farrell,SF,TE,@NYG,0.63,0.0,0.0,0.0,0.0,0.0,0.0,0.0,0.0,0.21,1.15,0.0,0.0,0.0,0.0,0.0,0.0,0.0,0.0,0.0,0.0,0.0,0.0,0.0,0.0,0.0,0.0,0.0,0.0
6850,Harrison Bryant,HOU,TE,DEN,0.59,0.0,0.0,0.0,0.0,0.0,0.0,0.0,0.0,0.19,2.0,0.0,0.0,0.0,0.0,0.0,0.0,0.0,0.0,0.0,0.0,0.0,0.0,0.0,0.0,0.0,0.0,0.0,0.0
11593,Brevyn Spann-Ford,DAL,TE,ARI,0.48,0.0,0.0,0.0,0.0,0.0,0.0,0.0,0.0,0.29,2.57,0.0,0.0,0.0,0.0,0.0,0.0,0.0,0.0,0.0,0.0,0.0,0.0,0.0,0.0,0.0,0.0,0.0,0.0
12357,David Martin-Robinson,TEN,TE,LAC,0.41,0.0,0.0,0.0,0.0,0.0,0.0,0.0,0.0,0.2,2.26,0.0,0.0,0.0,0.0,0.0,0.0,0.0,0.0,0.0,0.0,0.0,0.0,0.0,0.0,0.0,0.0,0.0,0.0
7075,Charlie Woerner,ATL,TE,@NE,0.3,0.0,0.0,0.0,0.0,0.0,0.0,0.0,0.0,0.19,1.06,0.0,0.0,0.0,0.0,0.0,0.0,0.0,0.0,0.0,0.0,0.0,0.0,0.0,0.0,0.0,0.0,0.0,0.0
11533,Brandon Aubrey,DAL,K,ARI,8.72,0.0,0.0,0.0,0.0,0.0,0.0,0.0,0.0,0.0,0.0,0.0,0.0,0.0,2.98,0.0,0.0,0.0,0.0,0.0,0.0,0.0,0.0,0.0,0.0,0.0,0.0,0.0,0.0
12711,Tyler Loop,BAL,K,@MIA,8.71,0.0,0.0,0.0,0.0,0.0,0.0,0.0,0.0,0.0,0.0,0.0,0.0,0.0,3.27,0.0,0.0,0.0,0.0,0.0,0.0,0.0,0.0,0.0,0.0,0.0,0.0,0.0,0.0
11539,Jake Bates,DET,K,MIN,8.35,0.0,0.0,0.0,0.0,0.0,0.0,0.0,0.0,0.0,0.0,0.0,0.0,0.0,2.95,0.0,0.0,0.0,0.0,0.0,0.0,0.0,0.0,0.0,0.0,0.0,0.0,0.0,0.0
11789,Joshua Karty,LAR,K,NO,8.08,0.0,0.0,0.0,0.0,0.0,0.0,0.0,0.0,0.0,0.0,0.0,0.0,0.0,3.24,0.0,0.0,0.0,0.0,0.0,0.0,0.0,0.0,0.0,0.0,0.0,0.0,0.0,0.0
8259,Cameron Dicker,LAC,K,@TEN,8.16,0.0,0.0,0.0,0.0,0.0,0.0,0.0,0.0,0.0,0.0,0.0,0.0,0.0,2.95,0.0,0.0,0.0,0.0,0.0,0.0,0.0,0.0,0.0,0.0,0.0,0.0,0.0,0.0
4227,Harrison Butker,KC,K,@BUF,7.99,0.0,0.0,0.0,0.0,0.0,0.0,0.0,0.0,0.0,0.0,0.0,0.0,0.0,2.81,0.0,0.0,0.0,0.0,0.0,0.0,0.0,0.0,0.0,0.0,0.0,0.0,0.0,0.0
5230,Mike Badgley,IND,K,@PIT,7.74,0.0,0.0,0.0,0.0,0.0,0.0,0.0,0.0,0.0,0.0,0.0,0.0,0.0,2.94,0.0,0.0,0.0,0.0,0.0,0.0,0.0,0.0,0.0,0.0,0.0,0.0,0.0,0.0
11786,Cam Little,JAX,K,@LV,7.56,0.0,0.0,0.0,0.0,0.0,0.0,0.0,0.0,0.0,0.0,0.0,0.0,0.0,2.55,0.0,0.0,0.0,0.0,0.0,0.0,0.0,0.0,0.0,0.0,0.0,0.0,0.0,0.0
5189,Eddy Pineiro,SF,K,@NYG,7.69,0.0,0.0,0.0,0.0,0.0,0.0,0.0,0.0,0.0,0.0,0.0,0.0,0.0,2.74,0.0,0.0,0.0,0.0,0.0,0.0,0.0,0.0,0.0,0.0,0.0,0.0,0.0,0.0
1945,Chris Boswell,PIT,K,IND,7.45,0.0,0.0,0.0,0.0,0.0,0.0,0.0,0.0,0.0,0.0,0.0,0.0,0.0,2.54,0.0,0.0,0.0,0.0,0.0,0.0,0.0,0.0,0.0,0.0,0.0,0.0,0.0,0.0
2747,Jason Myers,SEA,K,@WAS,7.43,0.0,0.0,0.0,0.0,0.0,0.0,0.0,0.0,0.0,0.0,0.0,0.0,0.0,2.72,0.0,0.0,0.0,0.0,0.0,0.0,0.0,0.0,0.0,0.0,0.0,0.0,0.0,0.0
7839,Evan McPherson,CIN,K,CHI,7.79,0.0,0.0,0.0,0.0,0.0,0.0,0.0,0.0,0.0,0.0,0.0,0.0,0.0,2.72,0.0,0.0,0.0,0.0,0.0,0.0,0.0,0.0,0.0,0.0,0.0,0.0,0.0,0.0
3451,Ka'imi Fairbairn,HOU,K,DEN,7.34,0.0,0.0,0.0,0.0,0.0,0.0,0.0,0.0,0.0,0.0,0.0,0.0,0.0,2.14,0.0,0.0,0.0,0.0,0.0,0.0,0.0,0.0,0.0,0.0,0.0,0.0,0.0,0.0
10955,Chad Ryland,ARI,K,@DAL,7.43,0.0,0.0,0.0,0.0,0.0,0.0,0.0,0.0,0.0,0.0,0.0,0.0,0.0,2.8,0.0,0.0,0.0,0.0,0.0,0.0,0.0,0.0,0.0,0.0,0.0,0.0,0.0,0.0
17,Matt Prater,BUF,K,KC,7.74,0.0,0.0,0.0,0.0,0.0,0.0,0.0,0.0,0.0,0.0,0.0,0.0,0.0,2.65,0.0,0.0,0.0,0.0,0.0,0.0,0.0,0.0,0.0,0.0,0.0,0.0,0.0,0.0
8932,Brandon McManus,GB,K,CAR,7.81,0.0,0.0,0.0,0.0,0.0,0.0,0.0,0.0,0.0,0.0,0.0,0.0,0.0,3.02,0.0,0.0,0.0,0.0,0.0,0.0,0.0,0.0,0.0,0.0,0.0,0.0,0.0,0.0
12713,Andres Borregales,NE,K,ATL,7.63,0.0,0.0,0.0,0.0,0.0,0.0,0.0,0.0,0.0,0.0,0.0,0.0,0.0,2.72,0.0,0.0,0.0,0.0,0.0,0.0,0.0,0.0,0.0,0.0,0.0,0.0,0.0,0.0
10937,Cairo Santos,CHI,K,@CIN,7.66,0.0,0.0,0.0,0.0,0.0,0.0,0.0,0.0,0.0,0.0,0.0,0.0,0.0,3.04,0.0,0.0,0.0,0.0,0.0,0.0,0.0,0.0,0.0,0.0,0.0,0.0,0.0,0.0
3678,Wil Lutz,DEN,K,@HOU,7.55,0.0,0.0,0.0,0.0,0.0,0.0,0.0,0.0,0.0,0.0,0.0,0.0,0.0,1.85,0.0,0.0,0.0,0.0,0.0,0.0,0.0,0.0,0.0,0.0,0.0,0.0,0.0,0.0
4666,Graham Gano,NYG,K,SF,6.99,0.0,0.0,0.0,0.0,0.0,0.0,0.0,0.0,0.0,0.0,0.0,0.0,0.0,2.5,0.0,0.0,0.0,0.0,0.0,0.0,0.0,0.0,0.0,0.0,0.0,0.0,0.0,0.0
6083,Matthew Wright,WAS,K,SEA,6.86,0.0,0.0,0.0,0.0,0.0,0.0,0.0,0.0,0.0,0.0,0.0,0.0,0.0,2.23,0.0,0.0,0.0,0.0,0.0,0.0,0.0,0.0,0.0,0.0,0.0,0.0,0.0,0.0
5095,Daniel Carlson,LV,K,JAX,7.35,0.0,0.0,0.0,0.0,0.0,0.0,0.0,0.0,0.0,0.0,0.0,0.0,0.0,2.24,0.0,0.0,0.0,0.0,0.0,0.0,0.0,0.0,0.0,0.0,0.0,0.0,0.0,0.0
5119,Riley Patterson,MIA,K,BAL,6.78,0.0,0.0,0.0,0.0,0.0,0.0,0.0,0.0,0.0,0.0,0.0,0.0,0.0,2.51,0.0,0.0,0.0,0.0,0.0,0.0,0.0,0.0,0.0,0.0,0.0,0.0,0.0,0.0
12548,Parker Romo,ATL,K,@NE,6.69,0.0,0.0,0.0,0.0,0.0,0.0,0.0,0.0,0.0,0.0,0.0,0.0,0.0,1.92,0.0,0.0,0.0,0.0,0.0,0.0,0.0,0.0,0.0,0.0,0.0,0.0,0.0,0.0
11792,Will Reichard,MIN,K,@DET,6.65,0.0,0.0,0.0,0.0,0.0,0.0,0.0,0.0,0.0,0.0,0.0,0.0,0.0,2.09,0.0,0.0,0.0,0.0,0.0,0.0,0.0,0.0,0.0,0.0,0.0,0.0,0.0,0.0
6528,Joey Slye,TEN,K,LAC,6.27,0.0,0.0,0.0,0.0,0.0,0.0,0.0,0.0,0.0,0.0,0.0,0.0,0.0,1.77,0.0,0.0,0.0,0.0,0.0,0.0,0.0,0.0,0.0,0.0,0.0,0.0,0.0,0.0
12961,Ryan Fitzgerald,CAR,K,@GB,6.21,0.0,0.0,0.0,0.0,0.0,0.0,0.0,0.0,0.0,0.0,0.0,0.0,0.0,1.51,0.0,0.0,0.0,0.0,0.0,0.0,0.0,0.0,0.0,0.0,0.0,0.0,0.0,0.0
11653,Blake Grupe,NO,K,@LAR,6.25,0.0,0.0,0.0,0.0,0.0,0.0,0.0,0.0,0.0,0.0,0.0,0.0,0.0,1.47,0.0,0.0,0.0,0.0,0.0,0.0,0.0,0.0,0.0,0.0,0.0,0.0,0.0,0.0
